path,namespace,route,hostnames,parents,external_dns,backends
infrastructure/controllers/opentelemetry-operator,opentelemetry,otel-gateway,otel.vanillax.me,"[{""group"": ""gateway.networking.k8s.io"", ""kind"": ""Gateway"", ""name"": ""gateway-external"", ""namespace"": ""gateway"", ""sectionName"": ""https""}]",true,"[{""backendRefs"": [{""group"": """", ""kind"": ""Service"", ""name"": ""otel-gateway-collector"", ""port"": 4318, ""weight"": 1}], ""matches"": [{""path"": {""type"": ""Exact"", ""value"": ""/v1/logs""}}, {""path"": {""type"": ""Exact"", ""value"": ""/v1/traces""}}]}]"
infrastructure/database/redis/redis-commander,redis,redis-commander,redis.vanillax.me,"[{""group"": ""gateway.networking.k8s.io"", ""kind"": ""Gateway"", ""name"": ""gateway-internal-technitium"", ""namespace"": ""gateway""}]",,"[{""backendRefs"": [{""group"": """", ""kind"": ""Service"", ""name"": ""redis-commander"", ""port"": 8081, ""weight"": 1}], ""matches"": [{""path"": {""type"": ""PathPrefix"", ""value"": ""/""}}]}]"
infrastructure/networking/gateway,argocd,argocd,argocd.vanillax.me,"[{""group"": ""gateway.networking.k8s.io"", ""kind"": ""Gateway"", ""name"": ""gateway-internal-technitium"", ""namespace"": ""gateway"", ""sectionName"": ""https""}]",,"[{""backendRefs"": [{""group"": """", ""kind"": ""Service"", ""name"": ""argocd-server"", ""port"": 80, ""weight"": 1}], ""matches"": [{""path"": {""type"": ""PathPrefix"", ""value"": ""/""}}]}]"
infrastructure/networking/gateway,argocd,argocd-webhook,argocd-webhook.vanillax.me,"[{""group"": ""gateway.networking.k8s.io"", ""kind"": ""Gateway"", ""name"": ""gateway-external"", ""namespace"": ""gateway"", ""sectionName"": ""https""}]",true,"[{""backendRefs"": [{""group"": """", ""kind"": ""Service"", ""name"": ""argocd-server"", ""port"": 80, ""weight"": 1}], ""matches"": [{""path"": {""type"": ""PathPrefix"", ""value"": ""/api/webhook""}}]}]"
infrastructure/networking/gateway,longhorn-system,longhorn,longhorn.vanillax.me,"[{""group"": ""gateway.networking.k8s.io"", ""kind"": ""Gateway"", ""name"": ""gateway-internal-technitium"", ""namespace"": ""gateway"", ""sectionName"": ""https""}]",,"[{""backendRefs"": [{""group"": """", ""kind"": ""Service"", ""name"": ""longhorn-frontend"", ""port"": 80, ""weight"": 1}], ""matches"": [{""path"": {""type"": ""PathPrefix"", ""value"": ""/""}}]}]"
infrastructure/storage/container-registry,kube-system,registry,registry.vanillax.me,"[{""name"": ""gateway-internal-technitium"", ""namespace"": ""gateway""}]",,"[{""backendRefs"": [{""group"": """", ""kind"": ""Service"", ""name"": ""registry"", ""port"": 5000, ""weight"": 1}], ""matches"": [{""path"": {""type"": ""PathPrefix"", ""value"": ""/""}}]}]"
monitoring/prometheus-stack,prometheus-stack,alertmanager,alertmanager.vanillax.me,"[{""group"": ""gateway.networking.k8s.io"", ""kind"": ""Gateway"", ""name"": ""gateway-internal-technitium"", ""namespace"": ""gateway""}]",,"[{""backendRefs"": [{""group"": """", ""kind"": ""Service"", ""name"": ""kube-prometheus-stack-alertmanager"", ""port"": 9093, ""weight"": 1}], ""matches"": [{""path"": {""type"": ""PathPrefix"", ""value"": ""/""}}]}]"
monitoring/prometheus-stack,prometheus-stack,grafana,grafana.vanillax.me,"[{""group"": ""gateway.networking.k8s.io"", ""kind"": ""Gateway"", ""name"": ""gateway-internal-technitium"", ""namespace"": ""gateway""}]",,"[{""backendRefs"": [{""group"": """", ""kind"": ""Service"", ""name"": ""kube-prometheus-stack-grafana"", ""port"": 80, ""weight"": 1}], ""matches"": [{""path"": {""type"": ""PathPrefix"", ""value"": ""/""}}]}]"
monitoring/prometheus-stack,prometheus-stack,prometheus,prometheus.vanillax.me,"[{""group"": ""gateway.networking.k8s.io"", ""kind"": ""Gateway"", ""name"": ""gateway-internal-technitium"", ""namespace"": ""gateway""}]",,"[{""backendRefs"": [{""group"": """", ""kind"": ""Service"", ""name"": ""kube-prometheus-stack-prometheus"", ""port"": 9090, ""weight"": 1}], ""matches"": [{""path"": {""type"": ""PathPrefix"", ""value"": ""/""}}]}]"
monitoring/loki-stack,loki-stack,loki,loki.vanillax.me,"[{""group"": ""gateway.networking.k8s.io"", ""kind"": ""Gateway"", ""name"": ""gateway-internal-technitium"", ""namespace"": ""gateway""}]",,"[{""backendRefs"": [{""group"": """", ""kind"": ""Service"", ""name"": ""loki-gateway"", ""port"": 80, ""weight"": 1}], ""matches"": [{""path"": {""type"": ""PathPrefix"", ""value"": ""/""}}]}]"
monitoring/keep,keep,keep,keep.vanillax.me,"[{""group"": ""gateway.networking.k8s.io"", ""kind"": ""Gateway"", ""name"": ""gateway-internal-technitium"", ""namespace"": ""gateway""}]",,"[{""backendRefs"": [{""group"": """", ""kind"": ""Service"", ""name"": ""keep-backend"", ""port"": 8080, ""weight"": 1}], ""filters"": [{""type"": ""URLRewrite"", ""urlRewrite"": {""path"": {""replacePrefixMatch"": ""/"", ""type"": ""ReplacePrefixMatch""}}}], ""matches"": [{""path"": {""type"": ""PathPrefix"", ""value"": ""/v2""}}]}, {""backendRefs"": [{""group"": """", ""kind"": ""Service"", ""name"": ""keep-websocket"", ""port"": 6001, ""weight"": 1}], ""filters"": [{""type"": ""URLRewrite"", ""urlRewrite"": {""path"": {""replacePrefixMatch"": ""/"", ""type"": ""ReplacePrefixMatch""}}}], ""matches"": [{""path"": {""type"": ""PathPrefix"", ""value"": ""/websocket""}}]}, {""backendRefs"": [{""group"": """", ""kind"": ""Service"", ""name"": ""keep-frontend"", ""port"": 3000, ""weight"": 1}], ""matches"": [{""path"": {""type"": ""PathPrefix"", ""value"": ""/""}}]}]"
monitoring/holmesgpt,holmesgpt,holmes,holmes.vanillax.me,"[{""group"": ""gateway.networking.k8s.io"", ""kind"": ""Gateway"", ""name"": ""gateway-internal-technitium"", ""namespace"": ""gateway""}]",,"[{""backendRefs"": [{""group"": """", ""kind"": ""Service"", ""name"": ""holmes-holmes"", ""port"": 80, ""weight"": 1}], ""matches"": [{""path"": {""type"": ""PathPrefix"", ""value"": ""/""}}]}]"
monitoring/dozzle,dozzle,dozzle,dozzle.vanillax.me,"[{""group"": ""gateway.networking.k8s.io"", ""kind"": ""Gateway"", ""name"": ""gateway-internal-technitium"", ""namespace"": ""gateway""}]",,"[{""backendRefs"": [{""group"": """", ""kind"": ""Service"", ""name"": ""dozzle"", ""port"": 8080, ""weight"": 1}], ""matches"": [{""path"": {""type"": ""PathPrefix"", ""value"": ""/""}}]}]"
monitoring/coroot,coroot,coroot,coroot.vanillax.me,"[{""group"": ""gateway.networking.k8s.io"", ""kind"": ""Gateway"", ""name"": ""gateway-internal-technitium"", ""namespace"": ""gateway""}]",,"[{""backendRefs"": [{""group"": """", ""kind"": ""Service"", ""name"": ""coroot-coroot"", ""port"": 8080, ""weight"": 1}], ""matches"": [{""path"": {""type"": ""PathPrefix"", ""value"": ""/""}}]}]"
my-apps/utility/vert,vert,vert-route,vert.vanillax.me,"[{""group"": ""gateway.networking.k8s.io"", ""kind"": ""Gateway"", ""name"": ""gateway-external"", ""namespace"": ""gateway"", ""sectionName"": ""https""}]",true,"[{""backendRefs"": [{""group"": """", ""kind"": ""Service"", ""name"": ""vert"", ""port"": 80, ""weight"": 1}], ""matches"": [{""path"": {""type"": ""PathPrefix"", ""value"": ""/""}}]}]"
my-apps/utility/stirling-pdf,stirling-pdf,stirling-pdf,stirling.vanillax.me,"[{""group"": ""gateway.networking.k8s.io"", ""kind"": ""Gateway"", ""name"": ""gateway-internal-technitium"", ""namespace"": ""gateway""}]",,"[{""backendRefs"": [{""group"": """", ""kind"": ""Service"", ""name"": ""stirling-pdf"", ""port"": 8080, ""weight"": 1}], ""matches"": [{""path"": {""type"": ""PathPrefix"", ""value"": ""/""}}]}]"
my-apps/utility/pairdrop,pairdrop,pairdrop-route,pairdrop.vanillax.me,"[{""group"": ""gateway.networking.k8s.io"", ""kind"": ""Gateway"", ""name"": ""gateway-internal-technitium"", ""namespace"": ""gateway""}]",,"[{""backendRefs"": [{""group"": """", ""kind"": ""Service"", ""name"": ""pairdrop"", ""port"": 3000, ""weight"": 1}], ""matches"": [{""path"": {""type"": ""PathPrefix"", ""value"": ""/""}}]}]"
my-apps/utility/it-tools,it-tools,it-tools-route,it-tools.vanillax.me,"[{""group"": ""gateway.networking.k8s.io"", ""kind"": ""Gateway"", ""name"": ""gateway-external"", ""namespace"": ""gateway"", ""sectionName"": ""https""}]",true,"[{""backendRefs"": [{""group"": """", ""kind"": ""Service"", ""name"": ""it-tools"", ""port"": 8080, ""weight"": 1}], ""matches"": [{""path"": {""type"": ""PathPrefix"", ""value"": ""/""}}]}]"
my-apps/utility/fizzy,fizzy,fizzy-route,fizzy.vanillax.me,"[{""group"": ""gateway.networking.k8s.io"", ""kind"": ""Gateway"", ""name"": ""gateway-external"", ""namespace"": ""gateway"", ""sectionName"": ""https""}]",true,"[{""backendRefs"": [{""group"": """", ""kind"": ""Service"", ""name"": ""fizzy"", ""port"": 3000, ""weight"": 1}], ""matches"": [{""path"": {""type"": ""PathPrefix"", ""value"": ""/""}}]}]"
my-apps/utility/excalidraw,excalidraw,excalidraw,excalidraw.vanillax.me,"[{""group"": ""gateway.networking.k8s.io"", ""kind"": ""Gateway"", ""name"": ""gateway-external"", ""namespace"": ""gateway"", ""sectionName"": ""https""}]",true,"[{""backendRefs"": [{""group"": """", ""kind"": ""Service"", ""name"": ""excalidraw"", ""port"": 80, ""weight"": 1}], ""matches"": [{""path"": {""type"": ""PathPrefix"", ""value"": ""/""}}]}]"
my-apps/utility/deal-scout,deal-scout,deal-scout-public,deals.vanillax.me,"[{""group"": ""gateway.networking.k8s.io"", ""kind"": ""Gateway"", ""name"": ""gateway-external"", ""namespace"": ""gateway"", ""sectionName"": ""https""}]",true,"[{""backendRefs"": [{""group"": """", ""kind"": ""Service"", ""name"": ""deal-scout"", ""port"": 8000, ""weight"": 1}], ""matches"": [{""method"": ""GET"", ""path"": {""type"": ""PathPrefix"", ""value"": ""/""}}, {""method"": ""HEAD"", ""path"": {""type"": ""PathPrefix"", ""value"": ""/""}}]}]"
my-apps/utility/deal-scout,deal-scout,deal-scout-route,deals.vanillax.me,"[{""group"": ""gateway.networking.k8s.io"", ""kind"": ""Gateway"", ""name"": ""gateway-internal-technitium"", ""namespace"": ""gateway""}]",,"[{""backendRefs"": [{""group"": """", ""kind"": ""Service"", ""name"": ""deal-scout"", ""port"": 8000, ""weight"": 1}], ""matches"": [{""path"": {""type"": ""PathPrefix"", ""value"": ""/""}}]}]"
my-apps/utility/convertx,convertx,convertx-route,convertx.vanillax.me,"[{""group"": ""gateway.networking.k8s.io"", ""kind"": ""Gateway"", ""name"": ""gateway-internal-technitium"", ""namespace"": ""gateway"", ""sectionName"": ""https""}]",,"[{""backendRefs"": [{""group"": """", ""kind"": ""Service"", ""name"": ""convertx"", ""port"": 3000, ""weight"": 1}], ""matches"": [{""path"": {""type"": ""PathPrefix"", ""value"": ""/""}}]}]"
my-apps/privacy/searxng,searxng,searxng,search.vanillax.me,"[{""group"": ""gateway.networking.k8s.io"", ""kind"": ""Gateway"", ""name"": ""gateway-external"", ""namespace"": ""gateway"", ""sectionName"": ""https""}]",true,"[{""backendRefs"": [{""group"": """", ""kind"": ""Service"", ""name"": ""searxng"", ""port"": 8080, ""weight"": 1}], ""matches"": [{""path"": {""type"": ""PathPrefix"", ""value"": ""/""}}]}]"
my-apps/media/worldmonitor,worldmonitor,worldmonitor,worldmonitor.vanillax.me,"[{""kind"": ""Gateway"", ""name"": ""gateway-external"", ""namespace"": ""gateway"", ""sectionName"": ""https""}]",true,"[{""backendRefs"": [{""name"": ""worldmonitor"", ""port"": 8080}], ""matches"": [{""path"": {""type"": ""PathPrefix"", ""value"": ""/""}}]}]"
my-apps/media/tubesync,tubesync,tubesync,tube.vanillax.me,"[{""group"": ""gateway.networking.k8s.io"", ""kind"": ""Gateway"", ""name"": ""gateway-internal-technitium"", ""namespace"": ""gateway""}]",,"[{""backendRefs"": [{""group"": """", ""kind"": ""Service"", ""name"": ""tubesync"", ""port"": 4848, ""weight"": 1}], ""matches"": [{""path"": {""type"": ""PathPrefix"", ""value"": ""/""}}]}]"
my-apps/media/redlib,redlib,libreddit-redirect,libreddit.vanillax.me,"[{""group"": ""gateway.networking.k8s.io"", ""kind"": ""Gateway"", ""name"": ""gateway-external"", ""namespace"": ""gateway"", ""sectionName"": ""https""}]",true,"[{""filters"": [{""requestRedirect"": {""hostname"": ""redlib.vanillax.me"", ""statusCode"": 301}, ""type"": ""RequestRedirect""}], ""matches"": [{""path"": {""type"": ""PathPrefix"", ""value"": ""/""}}]}]"
my-apps/media/redlib,redlib,redlib-route,redlib.vanillax.me,"[{""group"": ""gateway.networking.k8s.io"", ""kind"": ""Gateway"", ""name"": ""gateway-external"", ""namespace"": ""gateway"", ""sectionName"": ""https""}]",true,"[{""backendRefs"": [{""group"": """", ""kind"": ""Service"", ""name"": ""redlib"", ""port"": 8080, ""weight"": 1}], ""matches"": [{""path"": {""type"": ""PathPrefix"", ""value"": ""/""}}]}]"
my-apps/media/kiwix,kiwix,kiwix-route,kiwix.vanillax.me,"[{""group"": ""gateway.networking.k8s.io"", ""kind"": ""Gateway"", ""name"": ""gateway-external"", ""namespace"": ""gateway"", ""sectionName"": ""https""}]",true,"[{""backendRefs"": [{""group"": """", ""kind"": ""Service"", ""name"": ""kiwix"", ""port"": 8080, ""weight"": 1}], ""matches"": [{""path"": {""type"": ""PathPrefix"", ""value"": ""/""}}]}]"
my-apps/media/karakeep,karakeep,karakeep,karakeep.vanillax.me,"[{""group"": ""gateway.networking.k8s.io"", ""kind"": ""Gateway"", ""name"": ""gateway-external"", ""namespace"": ""gateway"", ""sectionName"": ""https""}]",true,"[{""backendRefs"": [{""group"": """", ""kind"": ""Service"", ""name"": ""karakeep-web"", ""port"": 3000, ""weight"": 1}], ""matches"": [{""path"": {""type"": ""PathPrefix"", ""value"": ""/""}}]}]"
my-apps/media/jellyfin,jellyfin,jellyfin,jellyfin.vanillax.me,"[{""group"": ""gateway.networking.k8s.io"", ""kind"": ""Gateway"", ""name"": ""gateway-internal-technitium"", ""namespace"": ""gateway""}]",,"[{""backendRefs"": [{""group"": """", ""kind"": ""Service"", ""name"": ""jellyfin"", ""port"": 8096, ""weight"": 1}], ""matches"": [{""path"": {""type"": ""PathPrefix"", ""value"": ""/""}}]}]"
my-apps/media/immich,immich,immich,photos.vanillax.me,"[{""name"": ""gateway-internal-technitium"", ""namespace"": ""gateway"", ""sectionName"": ""https""}]",,"[{""backendRefs"": [{""name"": ""immich-server"", ""port"": 2283}], ""matches"": [{""path"": {""type"": ""PathPrefix"", ""value"": ""/""}}]}]"
my-apps/media/homepage-dashboard,homepage-dashboard,homepage-dashboard-route,homepage.vanillax.me,"[{""group"": ""gateway.networking.k8s.io"", ""kind"": ""Gateway"", ""name"": ""gateway-internal-technitium"", ""namespace"": ""gateway""}]",,"[{""backendRefs"": [{""group"": """", ""kind"": ""Service"", ""name"": ""homepage-dashboard"", ""port"": 3000, ""weight"": 1}], ""matches"": [{""path"": {""type"": ""PathPrefix"", ""value"": ""/""}}]}]"
my-apps/media/echo-server,echo-server,echo-server-route,echo.vanillax.me,"[{""group"": ""gateway.networking.k8s.io"", ""kind"": ""Gateway"", ""name"": ""gateway-internal-technitium"", ""namespace"": ""gateway""}]",,"[{""backendRefs"": [{""group"": """", ""kind"": ""Service"", ""name"": ""echo-server"", ""port"": 8080, ""weight"": 1}], ""matches"": [{""path"": {""type"": ""PathPrefix"", ""value"": ""/""}}]}]"
my-apps/media/copyparty,copyparty,copyparty,copyparty.vanillax.me,"[{""group"": ""gateway.networking.k8s.io"", ""kind"": ""Gateway"", ""name"": ""gateway-internal-technitium"", ""namespace"": ""gateway""}]",,"[{""backendRefs"": [{""group"": """", ""kind"": ""Service"", ""name"": ""copyparty"", ""port"": 3923}], ""matches"": [{""path"": {""type"": ""PathPrefix"", ""value"": ""/""}}]}]"
my-apps/media/cobalt,cobalt,cobalt-api,cobalt.vanillax.me,"[{""group"": ""gateway.networking.k8s.io"", ""kind"": ""Gateway"", ""name"": ""gateway-external"", ""namespace"": ""gateway"", ""sectionName"": ""https""}]",true,"[{""backendRefs"": [{""group"": """", ""kind"": ""Service"", ""name"": ""cobalt"", ""port"": 9000, ""weight"": 1}], ""matches"": [{""path"": {""type"": ""PathPrefix"", ""value"": ""/""}}]}]"
my-apps/media/cobalt,cobalt,cobalt-web,dl.vanillax.me,"[{""group"": ""gateway.networking.k8s.io"", ""kind"": ""Gateway"", ""name"": ""gateway-external"", ""namespace"": ""gateway"", ""sectionName"": ""https""}]",true,"[{""backendRefs"": [{""group"": """", ""kind"": ""Service"", ""name"": ""cobalt-web"", ""port"": 8787, ""weight"": 1}], ""matches"": [{""path"": {""type"": ""PathPrefix"", ""value"": ""/""}}]}]"
my-apps/maps/versatiles,versatiles,map-styles-route,maps.vanillax.me,"[{""group"": ""gateway.networking.k8s.io"", ""kind"": ""Gateway"", ""name"": ""gateway-external"", ""namespace"": ""gateway"", ""sectionName"": ""https""}]",,"[{""backendRefs"": [{""group"": """", ""kind"": ""Service"", ""name"": ""map-styles"", ""port"": 8080, ""weight"": 1}], ""matches"": [{""path"": {""type"": ""PathPrefix"", ""value"": ""/styles""}}]}]"
my-apps/maps/versatiles,versatiles,map-viewer-route,maps.vanillax.me,"[{""group"": ""gateway.networking.k8s.io"", ""kind"": ""Gateway"", ""name"": ""gateway-external"", ""namespace"": ""gateway"", ""sectionName"": ""https""}]",,"[{""backendRefs"": [{""group"": """", ""kind"": ""Service"", ""name"": ""map-styles"", ""port"": 8080, ""weight"": 1}], ""matches"": [{""path"": {""type"": ""Exact"", ""value"": ""/""}}]}]"
my-apps/maps/versatiles,versatiles,versatiles-route,maps.vanillax.me,"[{""group"": ""gateway.networking.k8s.io"", ""kind"": ""Gateway"", ""name"": ""gateway-external"", ""namespace"": ""gateway"", ""sectionName"": ""https""}]",true,"[{""backendRefs"": [{""group"": """", ""kind"": ""Service"", ""name"": ""versatiles"", ""port"": 8080, ""weight"": 1}], ""matches"": [{""path"": {""type"": ""PathPrefix"", ""value"": ""/""}}]}]"
my-apps/home/wyze-bridge,wyze-bridge,wyze-bridge,wyze-bridge.vanillax.me,"[{""group"": ""gateway.networking.k8s.io"", ""kind"": ""Gateway"", ""name"": ""gateway-internal-technitium"", ""namespace"": ""gateway""}]",,"[{""backendRefs"": [{""group"": """", ""kind"": ""Service"", ""name"": ""wyze-bridge"", ""port"": 5000, ""weight"": 1}], ""matches"": [{""path"": {""type"": ""PathPrefix"", ""value"": ""/""}}]}]"
my-apps/home/project-nomad,project-nomad,cyberchef,cyberchef.vanillax.me,"[{""group"": ""gateway.networking.k8s.io"", ""kind"": ""Gateway"", ""name"": ""gateway-external"", ""namespace"": ""gateway"", ""sectionName"": ""https""}]",true,"[{""backendRefs"": [{""group"": """", ""kind"": ""Service"", ""name"": ""cyberchef"", ""port"": 8080, ""weight"": 1}], ""matches"": [{""path"": {""type"": ""PathPrefix"", ""value"": ""/""}}]}]"
my-apps/home/project-nomad,project-nomad,flatnotes,flatnotes.vanillax.me,"[{""group"": ""gateway.networking.k8s.io"", ""kind"": ""Gateway"", ""name"": ""gateway-external"", ""namespace"": ""gateway"", ""sectionName"": ""https""}]",true,"[{""backendRefs"": [{""group"": """", ""kind"": ""Service"", ""name"": ""flatnotes"", ""port"": 8080, ""weight"": 1}], ""matches"": [{""path"": {""type"": ""PathPrefix"", ""value"": ""/""}}]}]"
my-apps/home/project-nomad,project-nomad,kiwix,kiwix.vanillax.me,"[{""group"": ""gateway.networking.k8s.io"", ""kind"": ""Gateway"", ""name"": ""gateway-external"", ""namespace"": ""gateway"", ""sectionName"": ""https""}]",true,"[{""backendRefs"": [{""group"": """", ""kind"": ""Service"", ""name"": ""kiwix"", ""port"": 8080, ""weight"": 1}], ""matches"": [{""path"": {""type"": ""PathPrefix"", ""value"": ""/""}}]}]"
my-apps/home/project-nomad,project-nomad,project-nomad,nomad.vanillax.me,"[{""group"": ""gateway.networking.k8s.io"", ""kind"": ""Gateway"", ""name"": ""gateway-external"", ""namespace"": ""gateway"", ""sectionName"": ""https""}]",true,"[{""backendRefs"": [{""group"": """", ""kind"": ""Service"", ""name"": ""project-nomad"", ""port"": 8080, ""weight"": 1}], ""matches"": [{""path"": {""type"": ""PathPrefix"", ""value"": ""/""}}]}]"
my-apps/home/paperless-ngx,paperless-ngx,paperless-ngx,paperless.vanillax.me,"[{""group"": ""gateway.networking.k8s.io"", ""kind"": ""Gateway"", ""name"": ""gateway-internal-technitium"", ""namespace"": ""gateway""}]",,"[{""backendRefs"": [{""group"": """", ""kind"": ""Service"", ""name"": ""paperless-ngx"", ""port"": 8000, ""weight"": 1}], ""matches"": [{""path"": {""type"": ""PathPrefix"", ""value"": ""/""}}]}]"
my-apps/home/n8n,n8n,n8n,n8n.vanillax.me,"[{""group"": ""gateway.networking.k8s.io"", ""kind"": ""Gateway"", ""name"": ""gateway-internal-technitium"", ""namespace"": ""gateway""}]",,"[{""backendRefs"": [{""group"": """", ""kind"": ""Service"", ""name"": ""n8n"", ""port"": 80, ""weight"": 1}], ""matches"": [{""path"": {""type"": ""PathPrefix"", ""value"": ""/""}}]}]"
my-apps/home/intercept,intercept,intercept,intercept.vanillax.me,"[{""group"": ""gateway.networking.k8s.io"", ""kind"": ""Gateway"", ""name"": ""gateway-internal-technitium"", ""namespace"": ""gateway""}]",,"[{""backendRefs"": [{""group"": """", ""kind"": ""Service"", ""name"": ""intercept"", ""port"": 5050, ""weight"": 1}], ""matches"": [{""path"": {""type"": ""PathPrefix"", ""value"": ""/""}}]}]"
my-apps/home/home-assistant,home-assistant,home-assistant,homeassistant.vanillax.me,"[{""group"": ""gateway.networking.k8s.io"", ""kind"": ""Gateway"", ""name"": ""gateway-internal-technitium"", ""namespace"": ""gateway""}]",,"[{""backendRefs"": [{""group"": """", ""kind"": ""Service"", ""name"": ""home-assistant"", ""port"": 8123, ""weight"": 1}], ""matches"": [{""path"": {""type"": ""PathPrefix"", ""value"": ""/""}}], ""timeouts"": {""backendRequest"": ""30s"", ""request"": ""60s""}}]"
my-apps/home/frigate,frigate,frigate,frigate.vanillax.me,"[{""group"": ""gateway.networking.k8s.io"", ""kind"": ""Gateway"", ""name"": ""gateway-internal-technitium"", ""namespace"": ""gateway""}]",,"[{""backendRefs"": [{""group"": """", ""kind"": ""Service"", ""name"": ""frigate-http"", ""port"": 5000, ""weight"": 1}], ""matches"": [{""path"": {""type"": ""PathPrefix"", ""value"": ""/""}}]}]"
my-apps/development/temporal,temporal,temporal-web,temporal.vanillax.me,"[{""group"": ""gateway.networking.k8s.io"", ""kind"": ""Gateway"", ""name"": ""gateway-internal-technitium"", ""namespace"": ""gateway""}]",,"[{""backendRefs"": [{""group"": """", ""kind"": ""Service"", ""name"": ""temporal-web"", ""port"": 8080, ""weight"": 1}], ""matches"": [{""path"": {""type"": ""PathPrefix"", ""value"": ""/""}}]}]"
my-apps/development/radar-ng,radar-ng,radar-ng-api,radar-ng-api.vanillax.me,"[{""group"": ""gateway.networking.k8s.io"", ""kind"": ""Gateway"", ""name"": ""gateway-external"", ""namespace"": ""gateway"", ""sectionName"": ""https""}]",true,"[{""backendRefs"": [{""group"": """", ""kind"": ""Service"", ""name"": ""tile-server"", ""port"": 8080, ""weight"": 1}], ""matches"": [{""path"": {""type"": ""PathPrefix"", ""value"": ""/""}}]}]"
my-apps/development/posthog,posthog,posthog-ingest-external,ingest-posthog.vanillax.me,"[{""name"": ""gateway-external"", ""namespace"": ""gateway"", ""sectionName"": ""https""}]",true,"[{""backendRefs"": [{""name"": ""capture"", ""port"": 3000}], ""matches"": [{""path"": {""type"": ""PathPrefix"", ""value"": ""/e""}}, {""path"": {""type"": ""PathPrefix"", ""value"": ""/i/v0""}}, {""path"": {""type"": ""PathPrefix"", ""value"": ""/capture""}}, {""path"": {""type"": ""PathPrefix"", ""value"": ""/batch""}}]}, {""backendRefs"": [{""name"": ""capture-ai"", ""port"": 3000}], ""matches"": [{""path"": {""type"": ""PathPrefix"", ""value"": ""/i/v0/ai""}}]}, {""backendRefs"": [{""name"": ""replay-capture"", ""port"": 3000}], ""matches"": [{""path"": {""type"": ""PathPrefix"", ""value"": ""/s""}}]}, {""backendRefs"": [{""name"": ""feature-flags"", ""port"": 3001}], ""matches"": [{""path"": {""type"": ""PathPrefix"", ""value"": ""/decide""}}, {""path"": {""type"": ""PathPrefix"", ""value"": ""/flags""}}]}, {""backendRefs"": [{""name"": ""hypercache-server"", ""port"": 3002}], ""matches"": [{""path"": {""type"": ""PathPrefix"", ""value"": ""/array""}}]}, {""backendRefs"": [{""name"": ""web"", ""port"": 8000}], ""matches"": [{""path"": {""type"": ""PathPrefix"", ""value"": ""/static""}}]}]"
my-apps/development/posthog,posthog,posthog-ui-internal,posthog.vanillax.me,"[{""name"": ""gateway-internal-technitium"", ""namespace"": ""gateway"", ""sectionName"": ""https""}]",,"[{""backendRefs"": [{""name"": ""capture"", ""port"": 3000}], ""matches"": [{""path"": {""type"": ""PathPrefix"", ""value"": ""/e""}}, {""path"": {""type"": ""PathPrefix"", ""value"": ""/i/v0""}}, {""path"": {""type"": ""PathPrefix"", ""value"": ""/capture""}}, {""path"": {""type"": ""PathPrefix"", ""value"": ""/batch""}}]}, {""backendRefs"": [{""name"": ""capture-ai"", ""port"": 3000}], ""matches"": [{""path"": {""type"": ""PathPrefix"", ""value"": ""/i/v0/ai""}}]}, {""backendRefs"": [{""name"": ""replay-capture"", ""port"": 3000}], ""matches"": [{""path"": {""type"": ""PathPrefix"", ""value"": ""/s""}}]}, {""backendRefs"": [{""name"": ""feature-flags"", ""port"": 3001}], ""matches"": [{""path"": {""type"": ""PathPrefix"", ""value"": ""/decide""}}, {""path"": {""type"": ""PathPrefix"", ""value"": ""/flags""}}]}, {""backendRefs"": [{""name"": ""hypercache-server"", ""port"": 3002}], ""matches"": [{""path"": {""type"": ""PathPrefix"", ""value"": ""/array""}}]}, {""backendRefs"": [{""name"": ""plugins"", ""port"": 6738}], ""matches"": [{""path"": {""type"": ""PathPrefix"", ""value"": ""/public/webhooks""}}, {""path"": {""type"": ""PathPrefix"", ""value"": ""/public/m""}}]}, {""backendRefs"": [{""name"": ""web"", ""port"": 8000}], ""matches"": [{""path"": {""type"": ""PathPrefix"", ""value"": ""/""}}]}]"
my-apps/development/nginx,nginx-example,nginx,nginx.vanillax.me,"[{""group"": ""gateway.networking.k8s.io"", ""kind"": ""Gateway"", ""name"": ""gateway-internal-technitium"", ""namespace"": ""gateway""}]",,"[{""backendRefs"": [{""group"": """", ""kind"": ""Service"", ""name"": ""nginx"", ""port"": 80, ""weight"": 1}], ""matches"": [{""path"": {""type"": ""PathPrefix"", ""value"": ""/""}}]}]"
my-apps/development/news-reader,news-reader,news-reader,news.vanillax.me,"[{""group"": ""gateway.networking.k8s.io"", ""kind"": ""Gateway"", ""name"": ""gateway-external"", ""namespace"": ""gateway"", ""sectionName"": ""https""}]",true,"[{""backendRefs"": [{""group"": """", ""kind"": ""Service"", ""name"": ""news-reader"", ""port"": 3000, ""weight"": 1}], ""matches"": [{""path"": {""type"": ""PathPrefix"", ""value"": ""/""}}]}]"
my-apps/development/mailpit,mailpit,mailpit-route,mailpit.vanillax.me,"[{""group"": ""gateway.networking.k8s.io"", ""kind"": ""Gateway"", ""name"": ""gateway-external"", ""namespace"": ""gateway"", ""sectionName"": ""https""}]",true,"[{""backendRefs"": [{""group"": """", ""kind"": ""Service"", ""name"": ""mailpit"", ""port"": 8025, ""weight"": 1}], ""matches"": [{""path"": {""type"": ""PathPrefix"", ""value"": ""/""}}]}]"
my-apps/development/headlamp,kube-system,headlamp,headlamp.vanillax.me,"[{""group"": ""gateway.networking.k8s.io"", ""kind"": ""Gateway"", ""name"": ""gateway-internal-technitium"", ""namespace"": ""gateway""}]",,"[{""backendRefs"": [{""group"": """", ""kind"": ""Service"", ""name"": ""headlamp"", ""port"": 80, ""weight"": 1}], ""matches"": [{""path"": {""type"": ""PathPrefix"", ""value"": ""/""}}]}]"
my-apps/development/gitea,gitea,gitea,gitea.vanillax.me,"[{""group"": ""gateway.networking.k8s.io"", ""kind"": ""Gateway"", ""name"": ""gateway-internal-technitium"", ""namespace"": ""gateway""}]",,"[{""backendRefs"": [{""group"": """", ""kind"": ""Service"", ""name"": ""gitea-http"", ""port"": 3000, ""weight"": 1}], ""matches"": [{""path"": {""type"": ""PathPrefix"", ""value"": ""/""}}]}]"
my-apps/ai/swarmui,swarmui,swarmui-route,swarmui.vanillax.me,"[{""group"": ""gateway.networking.k8s.io"", ""kind"": ""Gateway"", ""name"": ""gateway-internal-technitium"", ""namespace"": ""gateway""}]",,"[{""backendRefs"": [{""group"": """", ""kind"": ""Service"", ""name"": ""swarmui-service"", ""port"": 7801, ""weight"": 1}], ""matches"": [{""path"": {""type"": ""PathPrefix"", ""value"": ""/""}}], ""timeouts"": {""backendRequest"": ""30m"", ""request"": ""30m""}}]"
my-apps/ai/surfsense,surfsense,surfsense-route,surfsense.vanillax.me,"[{""kind"": ""Gateway"", ""name"": ""gateway-external"", ""namespace"": ""gateway"", ""sectionName"": ""https""}]",true,"[{""backendRefs"": [{""name"": ""frontend"", ""port"": 3000}], ""matches"": [{""path"": {""type"": ""PathPrefix"", ""value"": ""/auth/callback""}}]}, {""backendRefs"": [{""name"": ""backend"", ""port"": 8000}], ""matches"": [{""path"": {""type"": ""PathPrefix"", ""value"": ""/auth""}}, {""path"": {""type"": ""PathPrefix"", ""value"": ""/users""}}, {""path"": {""type"": ""PathPrefix"", ""value"": ""/api/v1""}}, {""path"": {""type"": ""PathPrefix"", ""value"": ""/zero/context""}}]}, {""backendRefs"": [{""name"": ""zero-cache"", ""port"": 4848}], ""matches"": [{""path"": {""type"": ""PathPrefix"", ""value"": ""/zero""}}]}, {""backendRefs"": [{""name"": ""frontend"", ""port"": 3000}], ""matches"": [{""path"": {""type"": ""PathPrefix"", ""value"": ""/""}}]}]"
my-apps/ai/presenton,presenton,presenton,presenton.vanillax.me,"[{""group"": ""gateway.networking.k8s.io"", ""kind"": ""Gateway"", ""name"": ""gateway-internal-technitium"", ""namespace"": ""gateway""}]",,"[{""backendRefs"": [{""group"": """", ""kind"": ""Service"", ""name"": ""presenton"", ""port"": 80}], ""matches"": [{""path"": {""type"": ""PathPrefix"", ""value"": ""/""}}]}]"
my-apps/ai/perplexica,perplexica,perplexica-route,perplexica.vanillax.me,"[{""group"": ""gateway.networking.k8s.io"", ""kind"": ""Gateway"", ""name"": ""gateway-internal-technitium"", ""namespace"": ""gateway""}]",,"[{""backendRefs"": [{""name"": ""perplexica"", ""port"": 3000}], ""matches"": [{""path"": {""type"": ""PathPrefix"", ""value"": ""/""}}]}]"
my-apps/ai/open-webui,open-webui,open-webui,open-webui.vanillax.me,"[{""group"": ""gateway.networking.k8s.io"", ""kind"": ""Gateway"", ""name"": ""gateway-internal-technitium"", ""namespace"": ""gateway""}]",,"[{""backendRefs"": [{""group"": """", ""kind"": ""Service"", ""name"": ""open-webui"", ""port"": 8080, ""weight"": 1}], ""matches"": [{""path"": {""type"": ""PathPrefix"", ""value"": ""/""}}], ""timeouts"": {""backendRequest"": ""30m"", ""request"": ""30m""}}]"
my-apps/ai/ninfer,ninfer,ninfer-route,ninfer.vanillax.me,"[{""group"": ""gateway.networking.k8s.io"", ""kind"": ""Gateway"", ""name"": ""gateway-internal-technitium"", ""namespace"": ""gateway""}]",,"[{""backendRefs"": [{""group"": """", ""kind"": ""Service"", ""name"": ""ninfer-service"", ""port"": 8080, ""weight"": 1}], ""matches"": [{""path"": {""type"": ""PathPrefix"", ""value"": ""/""}}], ""timeouts"": {""backendRequest"": ""30m"", ""request"": ""30m""}}]"
my-apps/ai/llama-cpp,llama-cpp,llama-cpp-route,"llama.vanillax.me,vllm.vanillax.me","[{""group"": ""gateway.networking.k8s.io"", ""kind"": ""Gateway"", ""name"": ""gateway-internal-technitium"", ""namespace"": ""gateway""}]",,"[{""backendRefs"": [{""group"": """", ""kind"": ""Service"", ""name"": ""llama-cpp-service"", ""port"": 8080, ""weight"": 1}], ""matches"": [{""path"": {""type"": ""PathPrefix"", ""value"": ""/""}}], ""timeouts"": {""backendRequest"": ""30m"", ""request"": ""30m""}}]"
my-apps/ai/litellm,litellm,litellm-route,litellm.vanillax.me,"[{""group"": ""gateway.networking.k8s.io"", ""kind"": ""Gateway"", ""name"": ""gateway-internal-technitium"", ""namespace"": ""gateway""}]",,"[{""backendRefs"": [{""group"": """", ""kind"": ""Service"", ""name"": ""litellm-service"", ""port"": 4000, ""weight"": 1}], ""matches"": [{""path"": {""type"": ""PathPrefix"", ""value"": ""/""}}], ""timeouts"": {""backendRequest"": ""30m"", ""request"": ""30m""}}]"
my-apps/ai/hindsight,hindsight,hindsight-route,hindsight.vanillax.me,"[{""group"": ""gateway.networking.k8s.io"", ""kind"": ""Gateway"", ""name"": ""gateway-internal-technitium"", ""namespace"": ""gateway""}]",,"[{""backendRefs"": [{""group"": """", ""kind"": ""Service"", ""name"": ""hindsight-service"", ""port"": 8888, ""weight"": 1}], ""matches"": [{""path"": {""type"": ""PathPrefix"", ""value"": ""/""}}], ""timeouts"": {""backendRequest"": ""5m"", ""request"": ""5m""}}]"
my-apps/ai/comfyui,comfyui,comfyui-route,comfyui.vanillax.me,"[{""group"": ""gateway.networking.k8s.io"", ""kind"": ""Gateway"", ""name"": ""gateway-internal-technitium"", ""namespace"": ""gateway""}]",,"[{""backendRefs"": [{""group"": """", ""kind"": ""Service"", ""name"": ""comfyui-service"", ""port"": 8188, ""weight"": 1}], ""matches"": [{""path"": {""type"": ""PathPrefix"", ""value"": ""/""}}]}]"
