path,namespace,kind,workload,replicas,container,image,requests_cpu,requests_memory,limits_cpu,limits_memory,probes,pvc,node_selector,host_network,service_account
infrastructure/controllers/1passwordconnect,1passwordconnect,Deployment,onepassword-connect,2,connect-api,1password/connect-api:1.8.2,100m,150Mi,,300Mi,"readinessProbe,livenessProbe",[],{},False,default
infrastructure/controllers/1passwordconnect,1passwordconnect,Deployment,onepassword-connect,2,connect-sync,1password/connect-sync:1.8.2,100m,150Mi,,300Mi,"readinessProbe,livenessProbe",[],{},False,default
infrastructure/controllers/1passwordconnect,1passwordconnect,Deployment,onepassword-connect-operator,1,onepassword-connect,1password/onepassword-operator:1.12.0,100m,150Mi,,300Mi,"readinessProbe,livenessProbe",[],{},False,onepassword-connect-operator
infrastructure/controllers/argocd,argocd,Deployment,argocd-applicationset-controller,1,applicationset-controller,quay.io/argoproj/argocd:v3.5.2,100m,128Mi,,512Mi,,[],"{""kubernetes.io/os"": ""linux""}",False,argocd-applicationset-controller
infrastructure/controllers/argocd,argocd,Deployment,argocd-redis,1,redis,ecr-public.aws.com/docker/library/redis:8.6.4-alpine,25m,64Mi,,256Mi,,[],"{""kubernetes.io/os"": ""linux""}",False,default
infrastructure/controllers/argocd,argocd,Deployment,argocd-repo-server,1,repo-server,quay.io/argoproj/argocd:v3.5.2,1000m,768Mi,,4Gi,"readinessProbe,livenessProbe",[],"{""kubernetes.io/os"": ""linux""}",False,argocd-repo-server
infrastructure/controllers/argocd,argocd,Deployment,argocd-server,1,server,quay.io/argoproj/argocd:v3.5.2,50m,512Mi,,1Gi,"readinessProbe,livenessProbe",[],"{""kubernetes.io/os"": ""linux""}",False,argocd-server
infrastructure/controllers/argocd,argocd,StatefulSet,argocd-application-controller,1,application-controller,quay.io/argoproj/argocd:v3.5.2,2000m,4Gi,,6Gi,readinessProbe,[],"{""kubernetes.io/os"": ""linux""}",False,argocd-application-controller
infrastructure/controllers/cert-manager,cert-manager,Deployment,cert-manager,1,cert-manager-controller,quay.io/jetstack/cert-manager-controller:v1.21.1,20m,128Mi,,256Mi,livenessProbe,[],"{""kubernetes.io/os"": ""linux"", ""node-role.kubernetes.io/control-plane"": """"}",False,cert-manager
infrastructure/controllers/cert-manager,cert-manager,Deployment,cert-manager-cainjector,1,cert-manager-cainjector,quay.io/jetstack/cert-manager-cainjector:v1.21.1,20m,192Mi,,384Mi,,[],"{""kubernetes.io/os"": ""linux"", ""node-role.kubernetes.io/control-plane"": """"}",False,cert-manager-cainjector
infrastructure/controllers/cert-manager,cert-manager,Deployment,cert-manager-webhook,1,cert-manager-webhook,quay.io/jetstack/cert-manager-webhook:v1.21.1,15m,128Mi,,256Mi,"readinessProbe,livenessProbe",[],"{""kubernetes.io/os"": ""linux"", ""node-role.kubernetes.io/control-plane"": """"}",False,cert-manager-webhook
infrastructure/controllers/cert-manager,cert-manager,Job,cert-manager-startupapicheck,1,cert-manager-startupapicheck,quay.io/jetstack/cert-manager-startupapicheck:v1.21.1,,,,,,[],"{""kubernetes.io/os"": ""linux""}",False,cert-manager-startupapicheck
infrastructure/networking/cilium,kube-system,Deployment,cilium-operator,2,cilium-operator,quay.io/cilium/operator-generic:v1.20.1@sha256:6c3885fc7b629099fdbe2a5c87869c86feb825fa18fae299eac0f61918d16ecf,200m,256Mi,,1Gi,"readinessProbe,livenessProbe",[],"{""kubernetes.io/os"": ""linux""}",True,cilium-operator
infrastructure/networking/cilium,kube-system,Deployment,hubble-relay,1,hubble-relay,quay.io/cilium/hubble-relay:v1.20.1@sha256:59be0ae7d475ab9011a5e954618c0f27b5778b17140381425b308b55ba4917f4,,,,,"readinessProbe,livenessProbe,startupProbe",[],"{""kubernetes.io/os"": ""linux""}",False,hubble-relay
infrastructure/networking/cilium,kube-system,Deployment,hubble-ui,1,frontend,quay.io/cilium/hubble-ui:v0.13.5@sha256:f7d514fc54d784ed6df9d58cf0e97648b143f92b766dd1780ed3fc845bd4c516,,,,,"readinessProbe,livenessProbe",[],"{""kubernetes.io/os"": ""linux""}",False,hubble-ui
infrastructure/networking/cilium,kube-system,Deployment,hubble-ui,1,backend,quay.io/cilium/hubble-ui-backend:v0.13.5@sha256:fac0c300ae119274edca11fd89b1ad23c788792d8bc4ea2ba631c709e8d3c688,,,,,,[],"{""kubernetes.io/os"": ""linux""}",False,hubble-ui
infrastructure/networking/cilium,kube-system,DaemonSet,cilium,1,cilium-agent,quay.io/cilium/cilium:v1.20.1@sha256:ae9ea21f7427fe24bc6ea7247eb552157a1b0a431744045d3f641545ca71d11b,500m,1Gi,,3Gi,"readinessProbe,livenessProbe,startupProbe",[],"{""kubernetes.io/os"": ""linux""}",True,cilium
infrastructure/networking/cilium,kube-system,DaemonSet,cilium-envoy,1,cilium-envoy,quay.io/cilium/cilium-envoy:v1.37.5-1786810558-766ccfb37260a43e9d228837aa84ce3faf9f64e7@sha256:75b8094c7127736a2ffd2dce3945e0931cb6df21b0372ff661940eca26730b91,,,,,"readinessProbe,livenessProbe,startupProbe",[],"{""kubernetes.io/os"": ""linux""}",True,cilium-envoy
infrastructure/controllers/external-secrets,external-secrets,Deployment,external-secrets,1,external-secrets,ghcr.io/external-secrets/external-secrets:v2.10.0,,,,,,[],{},False,external-secrets
infrastructure/controllers/keda,keda,Deployment,keda-admission-webhooks,1,keda-admission-webhooks,ghcr.io/kedacore/keda-admission-webhooks:2.20.2,100m,100Mi,1,1000Mi,"readinessProbe,livenessProbe",[],"{""kubernetes.io/os"": ""linux""}",False,keda-webhook
infrastructure/controllers/keda,keda,Deployment,keda-operator,1,keda-operator,ghcr.io/kedacore/keda:2.20.2,100m,100Mi,1,1000Mi,"readinessProbe,livenessProbe",[],"{""kubernetes.io/os"": ""linux""}",False,keda-operator
infrastructure/controllers/keda,keda,Deployment,keda-operator-metrics-apiserver,1,keda-operator-metrics-apiserver,ghcr.io/kedacore/keda-metrics-apiserver:2.20.2,100m,100Mi,1,1000Mi,"readinessProbe,livenessProbe",[],"{""kubernetes.io/os"": ""linux""}",False,keda-metrics-server
infrastructure/controllers/kopiur-operator,kopiur-system,Deployment,kopiur-controller,1,controller,ghcr.io/home-operations/kopiur-controller@sha256:ce50917db136e4f19b480724d5cff7a4e1eeed9431e737aeb7808b2693dcefe5,50m,128Mi,,,"readinessProbe,livenessProbe",[],{},False,kopiur
infrastructure/controllers/kopiur-operator,kopiur-system,Deployment,kopiur-webhook,1,webhook,ghcr.io/home-operations/kopiur-webhook@sha256:788171c81579946053479fb81c7762564471761c3bdf45721dc6a0eacebfc6fa,25m,64Mi,,,"readinessProbe,livenessProbe",[],{},False,kopiur
infrastructure/storage/longhorn,longhorn-system,Deployment,longhorn-driver-deployer,1,longhorn-driver-deployer,docker.io/longhornio/longhorn-manager:v1.12.1,,,,,,[],{},False,longhorn-service-account
infrastructure/storage/longhorn,longhorn-system,Deployment,longhorn-ui,1,longhorn-ui,docker.io/longhornio/longhorn-ui:v1.12.1,,,,,,[],{},False,longhorn-ui-service-account
infrastructure/storage/longhorn,longhorn-system,DaemonSet,longhorn-manager,1,longhorn-manager,docker.io/longhornio/longhorn-manager:v1.12.1,,,,,readinessProbe,[],{},False,longhorn-service-account
infrastructure/storage/longhorn,longhorn-system,DaemonSet,longhorn-manager,1,pre-pull-share-manager-image,docker.io/longhornio/longhorn-share-manager:v1.12.1,,,,,,[],{},False,longhorn-service-account
infrastructure/storage/longhorn,longhorn-system,Job,longhorn-post-upgrade,1,longhorn-post-upgrade,docker.io/longhornio/longhorn-manager:v1.12.1,,,,,,[],{},False,longhorn-service-account
infrastructure/storage/longhorn,longhorn-system,Job,longhorn-uninstall,1,longhorn-uninstall,docker.io/longhornio/longhorn-manager:v1.12.1,,,,,,[],{},False,longhorn-service-account
infrastructure/controllers/opentelemetry-operator,opentelemetry,Deployment,opentelemetry-operator,1,manager,ghcr.io/open-telemetry/opentelemetry-operator/opentelemetry-operator:0.158.0,50m,128Mi,,256Mi,"readinessProbe,livenessProbe",[],"{""kubernetes.io/os"": ""linux""}",False,opentelemetry-operator
infrastructure/storage/snapshot-controller,snapshot-controller,Deployment,snapshot-controller,1,snapshot-controller,registry.k8s.io/sig-storage/snapshot-controller:v8.6.0,,,,,"readinessProbe,livenessProbe",[],{},False,snapshot-controller
infrastructure/controllers/strimzi,kafka,Deployment,strimzi-cluster-operator,1,strimzi-cluster-operator,quay.io/strimzi/operator:1.2.0,200m,384Mi,1000m,384Mi,"readinessProbe,livenessProbe",[],{},False,strimzi-cluster-operator
infrastructure/controllers/temporal-worker-controller,temporal-worker-controller,Deployment,temporal-worker-controller-manager,1,manager,temporalio/temporal-worker-controller:v1.9.0,50m,128Mi,500m,512Mi,"readinessProbe,livenessProbe",[],{},False,temporal-worker-controller-service-account
infrastructure/controllers/temporal-worker-controller,temporal-worker-controller,Deployment,temporal-worker-controller-manager,1,kube-rbac-proxy,registry.k8s.io/kubebuilder/kube-rbac-proxy:v0.14.1,5m,64Mi,500m,128Mi,,[],{},False,temporal-worker-controller-service-account
infrastructure/controllers/temporal-worker-controller,temporal-worker-controller,CronJob,temporal-worker-controller-identity-recovery,1,recover-manager-identity,temporalio/admin-tools:1.31.2@sha256:dbc5fcd6ee8f0f4d808bf765af9a87dea9d8a283abfdcfbd2fc148496ba66107,10m,32Mi,,128Mi,,[],{},False,temporal-worker-controller-service-account
infrastructure/controllers/vertical-pod-autoscaler,vertical-pod-autoscaler,Deployment,vpa-vertical-pod-autoscaler-admission-controller,1,admission-controller,registry.k8s.io/autoscaling/vpa-admission-controller:1.7.1,25m,128Mi,,512Mi,"readinessProbe,livenessProbe",[],{},False,vpa-vertical-pod-autoscaler-admission-controller
infrastructure/controllers/vertical-pod-autoscaler,vertical-pod-autoscaler,Deployment,vpa-vertical-pod-autoscaler-recommender,1,recommender,registry.k8s.io/autoscaling/vpa-recommender:1.7.1,50m,256Mi,,1Gi,"readinessProbe,livenessProbe",[],{},False,vpa-vertical-pod-autoscaler-recommender
infrastructure/controllers/vertical-pod-autoscaler,vertical-pod-autoscaler,Deployment,vpa-vertical-pod-autoscaler-updater,1,updater,registry.k8s.io/autoscaling/vpa-updater:1.7.1,25m,128Mi,,512Mi,"readinessProbe,livenessProbe",[],{},False,vpa-vertical-pod-autoscaler-updater
infrastructure/database/redis/redis-instance,redis-instance,StatefulSet,redis-master,1,redis,registry-1.docker.io/bitnami/redis:latest,100m,128Mi,150m,192Mi,"readinessProbe,livenessProbe","[""redis-master-0""]",{},False,redis-master
infrastructure/database/redis/redis-instance,redis-instance,StatefulSet,redis-master,1,metrics,registry-1.docker.io/bitnami/redis-exporter:latest,100m,128Mi,150m,192Mi,"readinessProbe,livenessProbe","[""redis-master-0""]",{},False,redis-master
infrastructure/database/redis/redis-commander,redis,Deployment,redis-commander,1,redis-commander,rediscommander/redis-commander:latest@sha256:19cd0c49f418779fa2822a0496c5e6516d0c792effc39ed20089e6268477e40a,,,,,,[],{},False,default
infrastructure/controllers/external-dns,external-dns,Deployment,external-dns,1,external-dns,registry.k8s.io/external-dns/external-dns:v0.21.0,128m,192Mi,,384Mi,"readinessProbe,livenessProbe",[],{},False,external-dns
infrastructure/controllers/external-dns,external-dns,Deployment,external-dns-technitium,1,external-dns,registry.k8s.io/external-dns/external-dns:v0.21.0,128m,192Mi,,384Mi,"readinessProbe,livenessProbe",[],{},False,external-dns-technitium
infrastructure/controllers/node-feature-discovery,node-feature-discovery,Deployment,nfd-node-feature-discovery-gc,1,gc,registry.k8s.io/nfd/node-feature-discovery:v0.19.0,10m,128Mi,,1Gi,"readinessProbe,livenessProbe",[],{},False,nfd-node-feature-discovery-gc
infrastructure/controllers/node-feature-discovery,node-feature-discovery,Deployment,nfd-node-feature-discovery-master,1,master,registry.k8s.io/nfd/node-feature-discovery:v0.19.0,100m,128Mi,,4Gi,"readinessProbe,livenessProbe,startupProbe",[],{},False,nfd-node-feature-discovery
infrastructure/controllers/node-feature-discovery,node-feature-discovery,DaemonSet,nfd-node-feature-discovery-worker,1,worker,registry.k8s.io/nfd/node-feature-discovery:v0.19.0,5m,64Mi,,512Mi,"readinessProbe,livenessProbe",[],{},False,nfd-node-feature-discovery-worker
infrastructure/controllers/node-feature-discovery,node-feature-discovery,Job,nfd-node-feature-discovery-prune,1,nfd-master,registry.k8s.io/nfd/node-feature-discovery:v0.19.0,100m,128Mi,,4Gi,,[],{},False,nfd-node-feature-discovery-prune
infrastructure/controllers/nvidia-gpu-operator,gpu-operator,Deployment,gpu-operator,1,gpu-operator,nvcr.io/nvidia/gpu-operator:v26.7.0,200m,100Mi,500m,350Mi,"readinessProbe,livenessProbe",[],"{""kubernetes.io/os"": ""linux""}",False,gpu-operator
infrastructure/controllers/nvidia-gpu-operator,gpu-operator,DaemonSet,nvidia-powerlimit,1,nvidia-powerlimit,nvcr.io/nvidia/cuda:12.8.1-base-ubuntu22.04,10m,32Mi,,128Mi,,[],"{""gpu-worker"": ""true"", ""nvidia.com/gpu.present"": ""true""}",False,default
infrastructure/controllers/nvidia-gpu-operator,gpu-operator,Job,gpu-operator-cleanup-gpucluster,1,cleanup-gpucluster,nvcr.io/nvidia/gpu-operator:v26.7.0,,,,,,[],"{""kubernetes.io/os"": ""linux""}",False,gpu-operator
infrastructure/controllers/nvidia-gpu-operator,gpu-operator,Job,gpu-operator-upgrade-crd,1,upgrade-crd,nvcr.io/nvidia/gpu-operator:v26.7.0,,,,,,[],"{""kubernetes.io/os"": ""linux""}",False,gpu-operator-upgrade-crd-hook-sa
infrastructure/controllers/metrics-server,metrics-server,Deployment,metrics-server,1,metrics-server,registry.k8s.io/metrics-server/metrics-server:v0.9.0,50m,64Mi,,256Mi,"readinessProbe,livenessProbe",[],{},False,metrics-server
infrastructure/networking/cloudflared,cloudflared,Deployment,cloudflared,3,cloudflared,cloudflare/cloudflared:2026.8.3,300m,600Mi,,1Gi,"readinessProbe,livenessProbe",[],{},False,default
infrastructure/networking/cloudflared,cloudflared,CronJob,cloudflared-restart,1,kubectl,bitnamilegacy/kubectl:1.33.4,10m,32Mi,,128Mi,,[],{},False,cloudflared-restarter
infrastructure/storage/container-registry,kube-system,Deployment,registry,1,registry,registry:3,,,,,,"[""registry""]",{},False,default
infrastructure/storage/container-registry,kube-system,CronJob,registry-gc,1,gc,docker.io/alpine/k8s:1.37.0@sha256:b421c2e9419edb98db39b6ab641669f4db7bb2acf354f22450c6b7e7176d1ff4,,,,,,[],{},False,registry-gc
infrastructure/storage/csi-driver-nfs,csi-driver-nfs,Deployment,csi-nfs-controller,1,csi-provisioner,registry.k8s.io/sig-storage/csi-provisioner:v6.3.0,10m,20Mi,,400Mi,,[],"{""kubernetes.io/os"": ""linux""}",True,csi-nfs-controller-sa
infrastructure/storage/csi-driver-nfs,csi-driver-nfs,Deployment,csi-nfs-controller,1,csi-resizer,registry.k8s.io/sig-storage/csi-resizer:v2.2.0,10m,20Mi,,400Mi,,[],"{""kubernetes.io/os"": ""linux""}",True,csi-nfs-controller-sa
infrastructure/storage/csi-driver-nfs,csi-driver-nfs,Deployment,csi-nfs-controller,1,csi-snapshotter,registry.k8s.io/sig-storage/csi-snapshotter:v8.6.0,10m,20Mi,,200Mi,,[],"{""kubernetes.io/os"": ""linux""}",True,csi-nfs-controller-sa
infrastructure/storage/csi-driver-nfs,csi-driver-nfs,Deployment,csi-nfs-controller,1,liveness-probe,registry.k8s.io/sig-storage/livenessprobe:v2.19.0,10m,20Mi,,100Mi,,[],"{""kubernetes.io/os"": ""linux""}",True,csi-nfs-controller-sa
infrastructure/storage/csi-driver-nfs,csi-driver-nfs,Deployment,csi-nfs-controller,1,nfs,registry.k8s.io/sig-storage/nfsplugin:v4.13.4,10m,20Mi,,200Mi,livenessProbe,[],"{""kubernetes.io/os"": ""linux""}",True,csi-nfs-controller-sa
infrastructure/storage/csi-driver-nfs,csi-driver-nfs,DaemonSet,csi-nfs-node,1,liveness-probe,registry.k8s.io/sig-storage/livenessprobe:v2.19.0,10m,20Mi,,100Mi,,[],"{""kubernetes.io/os"": ""linux""}",True,csi-nfs-node-sa
infrastructure/storage/csi-driver-nfs,csi-driver-nfs,DaemonSet,csi-nfs-node,1,node-driver-registrar,registry.k8s.io/sig-storage/csi-node-driver-registrar:v2.17.0,10m,20Mi,,100Mi,livenessProbe,[],"{""kubernetes.io/os"": ""linux""}",True,csi-nfs-node-sa
infrastructure/storage/csi-driver-nfs,csi-driver-nfs,DaemonSet,csi-nfs-node,1,nfs,registry.k8s.io/sig-storage/nfsplugin:v4.13.4,10m,20Mi,,300Mi,livenessProbe,[],"{""kubernetes.io/os"": ""linux""}",True,csi-nfs-node-sa
infrastructure/storage/csi-driver-smb,csi-driver-smb,Deployment,csi-smb-controller,1,csi-provisioner,registry.k8s.io/sig-storage/csi-provisioner:v6.3.0,10m,20Mi,,400Mi,,[],"{""kubernetes.io/os"": ""linux""}",True,csi-smb-controller-sa
infrastructure/storage/csi-driver-smb,csi-driver-smb,Deployment,csi-smb-controller,1,csi-resizer,registry.k8s.io/sig-storage/csi-resizer:v2.2.0,10m,20Mi,,400Mi,,[],"{""kubernetes.io/os"": ""linux""}",True,csi-smb-controller-sa
infrastructure/storage/csi-driver-smb,csi-driver-smb,Deployment,csi-smb-controller,1,liveness-probe,registry.k8s.io/sig-storage/livenessprobe:v2.19.0,10m,20Mi,,100Mi,,[],"{""kubernetes.io/os"": ""linux""}",True,csi-smb-controller-sa
infrastructure/storage/csi-driver-smb,csi-driver-smb,Deployment,csi-smb-controller,1,smb,registry.k8s.io/sig-storage/smbplugin:v1.20.3,10m,20Mi,,200Mi,livenessProbe,[],"{""kubernetes.io/os"": ""linux""}",True,csi-smb-controller-sa
infrastructure/storage/csi-driver-smb,csi-driver-smb,DaemonSet,csi-smb-node,1,liveness-probe,registry.k8s.io/sig-storage/livenessprobe:v2.19.0,10m,20Mi,,100Mi,,[],"{""kubernetes.io/os"": ""linux""}",True,csi-smb-node-sa
infrastructure/storage/csi-driver-smb,csi-driver-smb,DaemonSet,csi-smb-node,1,node-driver-registrar,registry.k8s.io/sig-storage/csi-node-driver-registrar:v2.17.0,10m,20Mi,,100Mi,,[],"{""kubernetes.io/os"": ""linux""}",True,csi-smb-node-sa
infrastructure/storage/csi-driver-smb,csi-driver-smb,DaemonSet,csi-smb-node,1,smb,registry.k8s.io/sig-storage/smbplugin:v1.20.3,10m,20Mi,,200Mi,livenessProbe,[],"{""kubernetes.io/os"": ""linux""}",True,csi-smb-node-sa
infrastructure/storage/csi-driver-smb,csi-driver-smb,DaemonSet,csi-smb-node-win,1,node-driver-registrar,registry.k8s.io/sig-storage/csi-node-driver-registrar:v2.17.0,10m,40Mi,,150Mi,,[],"{""kubernetes.io/os"": ""windows""}",True,csi-smb-node-sa
infrastructure/storage/csi-driver-smb,csi-driver-smb,DaemonSet,csi-smb-node-win,1,smb,registry.k8s.io/sig-storage/smbplugin:v1.20.3-windows-hp,10m,40Mi,,600Mi,,[],"{""kubernetes.io/os"": ""windows""}",True,csi-smb-node-sa
infrastructure/storage/truenas-csi,truenas-csi,Deployment,truenas-csi-controller,1,csi-controller,ghcr.io/truenas/truenas-csi:v1.2.0@sha256:ebb180986823a31110be926d8f14a6cc669540a6c58947220a16de802d852f38,100m,128Mi,,256Mi,livenessProbe,[],{},False,truenas-csi-controller-sa
infrastructure/storage/truenas-csi,truenas-csi,Deployment,truenas-csi-controller,1,csi-provisioner,registry.k8s.io/sig-storage/csi-provisioner:v6.3.0,,,,,,[],{},False,truenas-csi-controller-sa
infrastructure/storage/truenas-csi,truenas-csi,Deployment,truenas-csi-controller,1,csi-attacher,registry.k8s.io/sig-storage/csi-attacher:v4.12.0,,,,,,[],{},False,truenas-csi-controller-sa
infrastructure/storage/truenas-csi,truenas-csi,Deployment,truenas-csi-controller,1,csi-snapshotter,registry.k8s.io/sig-storage/csi-snapshotter:v8.6.0,,,,,,[],{},False,truenas-csi-controller-sa
infrastructure/storage/truenas-csi,truenas-csi,Deployment,truenas-csi-controller,1,csi-resizer,registry.k8s.io/sig-storage/csi-resizer:v2.2.1,,,,,,[],{},False,truenas-csi-controller-sa
infrastructure/storage/truenas-csi,truenas-csi,Deployment,truenas-csi-controller,1,liveness-probe,registry.k8s.io/sig-storage/livenessprobe:v2.19.0,,,,,,[],{},False,truenas-csi-controller-sa
infrastructure/storage/truenas-csi,truenas-csi,DaemonSet,truenas-csi-node,1,csi-node,ghcr.io/truenas/truenas-csi:v1.2.0@sha256:ebb180986823a31110be926d8f14a6cc669540a6c58947220a16de802d852f38,100m,128Mi,,256Mi,livenessProbe,[],{},True,truenas-csi-node-sa
infrastructure/storage/truenas-csi,truenas-csi,DaemonSet,truenas-csi-node,1,csi-node-driver-registrar,registry.k8s.io/sig-storage/csi-node-driver-registrar:v2.17.0,,,,,,[],{},True,truenas-csi-node-sa
infrastructure/storage/truenas-csi,truenas-csi,DaemonSet,truenas-csi-node,1,liveness-probe,registry.k8s.io/sig-storage/livenessprobe:v2.19.0,,,,,,[],{},True,truenas-csi-node-sa
infrastructure/storage/talos-fstrim,talos-fstrim,CronJob,talos-fstrim,1,fstrim,docker.io/library/alpine:3.24.1@sha256:28bd5fe8b56d1bd048e5babf5b10710ebe0bae67db86916198a6eec434943f8b,5m,8Mi,100m,32Mi,,[],"{""gpu-worker"": ""true""}",False,default
infrastructure/storage/rustfs-lifecycle,rustfs-lifecycle,Job,postgres-backups-lifecycle-apply,1,aws-cli,public.ecr.aws/aws-cli/aws-cli:2.36.38,50m,64Mi,,128Mi,,[],{},False,default
monitoring/trivy-operator,trivy-operator,Deployment,trivy-operator,1,trivy-operator,mirror.gcr.io/aquasec/trivy-operator:0.34.0,25m,128Mi,500m,1Gi,"readinessProbe,livenessProbe",[],{},False,trivy-operator
monitoring/trivy-operator,trivy-operator,StatefulSet,trivy-server,1,trivy-server,mirror.gcr.io/aquasec/trivy:0.72.0,100m,256Mi,1,1Gi,"readinessProbe,livenessProbe",[],{},False,trivy-operator
monitoring/tempo,monitoring,StatefulSet,tempo,1,tempo,docker.io/grafana/tempo:2.9.0,100m,512Mi,,2Gi,"readinessProbe,livenessProbe",[],{},False,tempo
monitoring/prometheus-stack,prometheus-stack,Deployment,kube-prometheus-stack-grafana,1,grafana-sc-dashboard,quay.io/kiwigrid/k8s-sidecar:2.10.1,,,,,,"[""kube-prometheus-stack-grafana""]",{},False,kube-prometheus-stack-grafana
monitoring/prometheus-stack,prometheus-stack,Deployment,kube-prometheus-stack-grafana,1,grafana-sc-datasources,quay.io/kiwigrid/k8s-sidecar:2.10.1,,,,,,"[""kube-prometheus-stack-grafana""]",{},False,kube-prometheus-stack-grafana
monitoring/prometheus-stack,prometheus-stack,Deployment,kube-prometheus-stack-grafana,1,grafana,docker.io/grafana/grafana:13.2.0,100m,512Mi,,1Gi,"readinessProbe,livenessProbe","[""kube-prometheus-stack-grafana""]",{},False,kube-prometheus-stack-grafana
monitoring/prometheus-stack,prometheus-stack,Deployment,kube-prometheus-stack-kube-state-metrics,1,kube-state-metrics,registry.k8s.io/kube-state-metrics/kube-state-metrics:v2.20.0,,,,,"readinessProbe,livenessProbe",[],{},False,kube-prometheus-stack-kube-state-metrics
monitoring/prometheus-stack,prometheus-stack,Deployment,kube-prometheus-stack-operator,1,kube-prometheus-stack,quay.io/prometheus-operator/prometheus-operator:v0.93.1,100m,128Mi,,512Mi,"readinessProbe,livenessProbe",[],{},False,kube-prometheus-stack-operator
monitoring/prometheus-stack,prometheus-stack,DaemonSet,dcgm-exporter,1,dcgm-exporter,nvcr.io/nvidia/k8s/dcgm-exporter:4.5.2-4.8.1-ubuntu22.04@sha256:17e9d49093f2d86d90260eec3c07b18b3f78fc5eadef3c8ab26a24fa5a9c1b2c,100m,128Mi,,512Mi,"readinessProbe,livenessProbe",[],"{""feature.node.kubernetes.io/pci-0300_10de.present"": ""true""}",True,default
monitoring/prometheus-stack,prometheus-stack,DaemonSet,kube-prometheus-stack-prometheus-node-exporter,1,node-exporter,quay.io/prometheus/node-exporter:v1.12.1-distroless,,,,,"readinessProbe,livenessProbe",[],"{""kubernetes.io/os"": ""linux""}",True,kube-prometheus-stack-prometheus-node-exporter
monitoring/pod-cleanup,pod-cleanup,CronJob,pod-cleanup,1,cleanup,bitnami/kubectl:latest@sha256:e0fcb25c485a8ad0665d0dd4b4a67cefb6baee32b0e3b19f54f1b468c49c1ed5,,,,,,[],{},False,pod-cleanup
monitoring/loki-stack,loki-stack,Deployment,loki-gateway,1,nginx,docker.io/nginxinc/nginx-unprivileged:1.31-alpine,50m,128Mi,,256Mi,readinessProbe,[],{},False,loki-gateway
monitoring/loki-stack,loki-stack,Deployment,loki-gateway,1,exporter,ghcr.io/jkroepke/access-log-exporter:0.4.12,,,,,"readinessProbe,livenessProbe",[],{},False,loki-gateway
monitoring/loki-stack,loki-stack,Deployment,loki-read,1,read,docker.io/grafana/loki:3.7.7,50m,256Mi,,1Gi,"readinessProbe,livenessProbe",[],{},False,loki
monitoring/loki-stack,loki-stack,StatefulSet,loki-backend,1,backend,docker.io/grafana/loki:3.7.7,50m,256Mi,,1Gi,"readinessProbe,livenessProbe",[],{},False,loki
monitoring/loki-stack,loki-stack,StatefulSet,loki-backend,1,loki-sc-rules,docker.io/kiwigrid/k8s-sidecar:2.10.3,,,,,"readinessProbe,livenessProbe",[],{},False,loki
monitoring/loki-stack,loki-stack,StatefulSet,loki-chunks-cache,1,memcached,docker.io/library/memcached:1.6.45-alpine,500m,614Mi,,614Mi,"readinessProbe,livenessProbe",[],{},False,loki-memcached
monitoring/loki-stack,loki-stack,StatefulSet,loki-chunks-cache,1,exporter,docker.io/prom/memcached-exporter:v0.17.0,,,,,"readinessProbe,livenessProbe",[],{},False,loki-memcached
monitoring/loki-stack,loki-stack,StatefulSet,loki-results-cache,1,memcached,docker.io/library/memcached:1.6.45-alpine,500m,307Mi,,307Mi,"readinessProbe,livenessProbe",[],{},False,loki-memcached
monitoring/loki-stack,loki-stack,StatefulSet,loki-results-cache,1,exporter,docker.io/prom/memcached-exporter:v0.17.0,,,,,"readinessProbe,livenessProbe",[],{},False,loki-memcached
monitoring/loki-stack,loki-stack,StatefulSet,loki-write,1,write,docker.io/grafana/loki:3.7.7,50m,256Mi,,1Gi,"readinessProbe,livenessProbe",[],{},False,loki
monitoring/loki-stack,loki-stack,DaemonSet,loki-canary,1,canary,docker.io/grafana/loki-canary:3.7.7,,,,,"readinessProbe,livenessProbe",[],{},False,loki-canary
monitoring/keep,keep,Deployment,keep-postgres,1,postgres,postgres:18.6,50m,256Mi,,1Gi,"readinessProbe,livenessProbe,startupProbe","[""keep-postgres-data""]",{},False,default
monitoring/keep,keep,Deployment,keep-backend,1,keep,us-central1-docker.pkg.dev/keephq/keep/keep-api:0.52.1,100m,512Mi,,1Gi,"readinessProbe,livenessProbe",[],{},False,keep
monitoring/keep,keep,Deployment,keep-frontend,1,keep,us-central1-docker.pkg.dev/keephq/keep/keep-ui:0.52.1,50m,256Mi,,512Mi,,[],{},False,keep
monitoring/keep,keep,Deployment,keep-websocket,1,keep,quay.io/soketi/soketi:1.4-16-debian,25m,128Mi,,256Mi,,[],{},False,keep
monitoring/holmesgpt,holmesgpt,Deployment,holmes-holmes,0,holmes,robustadev/holmes:0.40.0,100m,1Gi,,2Gi,"readinessProbe,livenessProbe",[],{},False,holmes-holmes-service-account
monitoring/dozzle,dozzle,Deployment,dozzle,1,dozzle,docker.io/amir20/dozzle:v10.9.0@sha256:7f01a2504f89788b60ad0efddd94472fd66f9a225c708356cdb815d9d8abd184,25m,64Mi,,256Mi,"readinessProbe,livenessProbe","[""dozzle-data""]",{},False,dozzle
monitoring/coroot,coroot,Deployment,coroot-operator,1,operator,ghcr.io/coroot/coroot-operator:1.9.9,100m,64Mi,,,,[],{},False,coroot-operator
my-apps/utility/vert,vert,Deployment,vert,1,vert,ghcr.io/vert-sh/vert:latest@sha256:6492f2a88e977e7ce82fd26f49028a17575fee8cac38604f585bc5773298cbc8,50m,64Mi,,512Mi,,[],{},False,default
my-apps/utility/vert,vert,Deployment,vertd,1,vertd,ghcr.io/vert-sh/vertd:latest@sha256:15d9ff3a42e11444de142b2d396679f356072954d2896576530744541961e45f,100m,256Mi,,1Gi,,[],{},False,default
my-apps/utility/stirling-pdf,stirling-pdf,Deployment,stirling-pdf,1,stirling-pdf,ghcr.io/stirling-tools/stirling-pdf:latest@sha256:3b3670fce70b396ec56ba380a3cc7858e0abf83fe13f31c88f7737847763a396,100m,256Mi,,1Gi,,[],{},False,default
my-apps/utility/pairdrop,pairdrop,Deployment,pairdrop,1,pairdrop,ghcr.io/linuxserver/pairdrop:latest@sha256:ab104ed76aae9b4e57e2b1b0a8304c0836c9ca34ba95f8959a228e8dc248f3ea,50m,64Mi,,128Mi,"readinessProbe,livenessProbe",[],{},False,default
my-apps/utility/it-tools,it-tools,Deployment,it-tools,1,it-tools,ghcr.io/sharevb/it-tools:nightly@sha256:a56e293cb8d9f853a49d17ded17dad295d100a66e8f0f8d679c3bf3b6ead63d9,,,,,,[],{},False,default
my-apps/utility/fizzy,fizzy,Deployment,fizzy,1,fizzy,ghcr.io/basecamp/fizzy:sha-d8ec07d@sha256:5ee67abbc4a096535672fc235250c8c7974416d0f54a5b88612d7e5abdad5d38,100m,256Mi,,2Gi,,"[""data""]",{},False,default
my-apps/utility/excalidraw,excalidraw,Deployment,excalidraw,1,excalidraw,excalidraw/excalidraw:latest@sha256:f7ee194addd607bf831d2af0f0a34463dd4225e426cf35199ef0b12a803398e9,50m,64Mi,,256Mi,,[],{},False,default
my-apps/utility/deal-scout,deal-scout,Deployment,deal-scout,1,deal-scout,ghcr.io/mitchross/deal-scout:v0.12.4@sha256:2a5bddfb0bc536fd44d979a572000f9e14d3b18e21e8d878dde048056cb0898d,25m,96Mi,,256Mi,"readinessProbe,livenessProbe,startupProbe","[""deal-scout-data""]",{},False,default
my-apps/utility/convertx,convertx,Deployment,convertx,1,convertx,ghcr.io/c4illin/convertx:latest@sha256:081d1638e8c6dfb6b5e69f47ff90e6f6037cdee29a2f25ddd44ddc6d2e52451d,,,,,,[],{},False,default
my-apps/system/restore-canary,restore-canary,Deployment,restore-canary,1,sleeper,ghcr.io/home-operations/busybox:1.38.0@sha256:7e2c04dd50ede647bf4a7a4c8dbd629dd4971cd139b9b88fb22bfc3c7a6c13df,5m,16Mi,,64Mi,,"[""restore-canary-data""]",{},False,default
my-apps/privacy/searxng,searxng,Deployment,redis,1,redis,ghcr.io/valkey-io/valkey:9.1-alpine,50m,64Mi,,128Mi,,"[""redis-data""]",{},False,default
my-apps/privacy/searxng,searxng,Deployment,searxng,1,searxng,ghcr.io/searxng/searxng:2026.9.3-8f452ee89,50m,100M,,3000M,"readinessProbe,livenessProbe",[],{},False,default
my-apps/media/worldmonitor,worldmonitor,Deployment,worldmonitor,1,worldmonitor,ghcr.io/mitchross/worldmonitor:sha-c08ffcf,200m,512Mi,,4Gi,"readinessProbe,livenessProbe",[],{},False,default
my-apps/media/worldmonitor,worldmonitor,Deployment,worldmonitor-ais-relay,1,ais-relay,ghcr.io/mitchross/worldmonitor-relay:sha-c08ffcf,100m,256Mi,,2Gi,"readinessProbe,livenessProbe",[],{},False,default
my-apps/media/worldmonitor,worldmonitor,Deployment,worldmonitor-redis,1,redis,docker.io/redis:8.10.1-alpine,50m,128Mi,,384Mi,,"[""worldmonitor-redis-data""]",{},False,default
my-apps/media/worldmonitor,worldmonitor,Deployment,worldmonitor-redis-rest,1,redis-rest,ghcr.io/mitchross/worldmonitor-redis-rest:sha-c08ffcf,25m,64Mi,,256Mi,,[],{},False,default
my-apps/media/tubesync,tubesync,Deployment,tubesync,1,tubesync,ghcr.io/meeb/tubesync:v0.18.3,100m,256Mi,,2Gi,,"[""config-pvc"", ""media-pvc""]",{},False,default
my-apps/media/redlib,redlib,Deployment,redlib,1,redlib,ghcr.io/mitchross/redlib:2.2.1@sha256:66bf24c0adfa569905d6751b4585183bf05b296b424fb504c18ea778f4c265a1,100m,128Mi,,1Gi,"readinessProbe,livenessProbe",[],{},False,default
my-apps/media/kiwix,kiwix,Deployment,kiwix,1,kiwix,ghcr.io/kiwix/kiwix-serve:latest@sha256:eae2a54fdf5ef1dc10eac749dd593e71a4f84e4c111de11280c0560593301d52,100m,256Mi,,2Gi,"readinessProbe,livenessProbe","[""kiwix-data""]",{},False,default
my-apps/media/karakeep,karakeep,Deployment,karakeep-chrome,1,chrome,docker.io/zenika/alpine-chrome:124@sha256:eb3378c1ed0079f94db054a5fe1aaa790a254ec0d6bbc67eda052420d86a179d,,,,,,[],{},False,default
my-apps/media/karakeep,karakeep,Deployment,karakeep-meilisearch,1,meilisearch,getmeili/meilisearch:v1.13.3,,,,,"readinessProbe,livenessProbe","[""meilisearch-pvc""]",{},False,default
my-apps/media/karakeep,karakeep,Deployment,karakeep-web,1,karakeep,ghcr.io/karakeep-app/karakeep:release@sha256:b069e4307dec06ea06d16989c6861c30a1ff208568be44ed5fb5d422cd3e950c,,,,,"readinessProbe,livenessProbe","[""data-pvc""]",{},False,default
my-apps/media/jellyfin,jellyfin,Deployment,jellyfin,1,jellyfin,ghcr.io/jellyfin/jellyfin:10.11.11,500m,2Gi,,6Gi,,"[""config"", ""jellyfin-media""]",{},False,default
my-apps/media/immich,immich,Deployment,immich-machine-learning,1,machine-learning,ghcr.io/immich-app/immich-machine-learning:v3.1.0@sha256:5a0839dc5303cd7215bcd2180a26aed3af41675aefb3e75e5157e9f10ad16e6e,100m,256Mi,,4Gi,"readinessProbe,livenessProbe,startupProbe","[""immich-ml-cache"", ""library"", ""nfs-photos""]",{},False,default
my-apps/media/immich,immich,Deployment,immich-postgres,1,postgres,ghcr.io/immich-app/postgres:17-vectorchord0.4.3@sha256:79b95b795f0911e95ffa4d092a2162c4d81a984d5629bc8f786afe0bc0657671,100m,512Mi,,2Gi,"readinessProbe,livenessProbe,startupProbe","[""immich-postgres-data""]",{},False,default
my-apps/media/immich,immich,Deployment,immich-server,1,immich-server,ghcr.io/immich-app/immich-server:v3.1.0@sha256:b434cb9287eea1471c9974845914d4dd328c9c2d652e446ed4930f99944f0ceb,100m,256Mi,,6Gi,"readinessProbe,livenessProbe,startupProbe","[""library"", ""nfs-photos""]",{},False,default
my-apps/media/immich,immich,Deployment,immich-valkey,1,valkey,ghcr.io/valkey-io/valkey:9.1.2,50m,64Mi,,256Mi,"readinessProbe,livenessProbe,startupProbe",[],{},False,default
my-apps/media/homepage-dashboard,homepage-dashboard,Deployment,homepage-dashboard,1,homepage,ghcr.io/gethomepage/homepage:v2.2.0,100m,128Mi,,256Mi,,"[""config""]",{},False,default
my-apps/media/echo-server,echo-server,Deployment,echo-server,1,echo-server,ghcr.io/mendhak/http-https-echo:41,100m,128Mi,,256Mi,"readinessProbe,livenessProbe",[],{},False,default
my-apps/media/copyparty,copyparty,Deployment,copyparty,1,copyparty,copyparty/ac:latest@sha256:e3ac1088791c79e0911161adfc7bca3fa5134f6596ad16f679754d4f2c6210ef,100m,256Mi,,1Gi,"readinessProbe,livenessProbe","[""copyparty-data""]",{},False,default
my-apps/media/cobalt,cobalt,Deployment,cobalt,1,cobalt,ghcr.io/imputnet/cobalt:11@sha256:63186dd68afd57ce3bb1f62cc4c139f5fa95b9c3e87a3cf5c6e4c7a570523f62,100m,128Mi,,1Gi,"readinessProbe,livenessProbe",[],{},False,default
my-apps/media/cobalt,cobalt,Deployment,cobalt-web,1,cobalt-web,ghcr.io/spotdemo4/cobalt-web:11.7@sha256:30392487965b2c96f70f04ec5e3ef24a7804eec6ef0c7b9fd7d1e19ed955d1c9,200m,512Mi,,3Gi,"readinessProbe,livenessProbe,startupProbe",[],{},False,default
my-apps/maps/versatiles,versatiles,Deployment,map-styles,1,nginx,nginxinc/nginx-unprivileged:1.31-alpine@sha256:aa8c9087d36d93e9d650c5365f883b421e8214aedbad24ade52b844c583358f1,10m,16Mi,,64Mi,"readinessProbe,livenessProbe",[],{},False,default
my-apps/maps/versatiles,versatiles,Deployment,versatiles,1,versatiles,versatiles/versatiles-frontend:v4.12.3@sha256:865bc72b95401bbf55e2c5387c070d62303285da1422e6d336a641f02ff53b28,250m,512Mi,,2Gi,"readinessProbe,livenessProbe,startupProbe","[""map-data-smb""]",{},False,default
my-apps/maps/versatiles,versatiles,Job,map-bootstrap,1,download,alpine:3@sha256:28bd5fe8b56d1bd048e5babf5b10710ebe0bae67db86916198a6eec434943f8b,100m,128Mi,,512Mi,,"[""map-data-smb""]",{},False,default
my-apps/home/wyze-bridge,wyze-bridge,Deployment,wyze-bridge,0,wyze-bridge,ghcr.io/thatdaveguy1/docker-wyze-bridge:latest@sha256:eed5f5f82c04b79a75b6d6a2921d8ae96d9821756d7463a0a406ab39dbf11dd3,100m,256Mi,,1Gi,"readinessProbe,livenessProbe",[],{},False,default
my-apps/home/project-zomboid,project-zomboid,Deployment,project-zomboid,0,project-zomboid,indifferentbroccoli/projectzomboid-server-docker:latest@sha256:8e13816b92fdd3e1fac3044b8b9228b255e6deb4d28b268f93a911fbd58ca6e8,1,4Gi,,20Gi,"readinessProbe,livenessProbe,startupProbe","[""zomboid-server-files"", ""zomboid-data""]",{},False,default
my-apps/home/project-nomad,project-nomad,Deployment,cyberchef,1,cyberchef,ghcr.io/gchq/cyberchef:11.4.0,15m,100Mi,,256Mi,,[],{},False,default
my-apps/home/project-nomad,project-nomad,Deployment,embeddings,1,tei,ghcr.io/huggingface/text-embeddings-inference:cpu-1.6,100m,512Mi,,2Gi,"readinessProbe,livenessProbe","[""embeddings-model-cache""]",{},False,default
my-apps/home/project-nomad,project-nomad,Deployment,flatnotes,1,flatnotes,dullage/flatnotes:v5.5.5,15m,100Mi,,256Mi,,"[""flatnotes-data""]",{},False,default
my-apps/home/project-nomad,project-nomad,Deployment,kiwix,1,kiwix,ghcr.io/kiwix/kiwix-serve:3.8.2,15m,128Mi,,256Mi,,"[""nomad-storage""]",{},False,default
my-apps/home/project-nomad,project-nomad,Deployment,mysql,1,mysql,mysql:8.4,25m,512Mi,,1Gi,,"[""mysql-data""]",{},False,default
my-apps/home/project-nomad,project-nomad,Deployment,project-nomad,1,project-nomad,ghcr.io/mitchross/project-nomad:sha-35016fd,25m,384Mi,,1Gi,"readinessProbe,livenessProbe","[""nomad-storage""]",{},False,default
my-apps/home/project-nomad,project-nomad,Deployment,protomaps,1,protomaps,ghcr.io/protomaps/go-pmtiles:latest@sha256:06574f01f55a78f78f887bc7ebf729a5c093c0d6e17d9876300cfcb0758b59d3,15m,128Mi,,256Mi,,"[""protomaps-data""]",{},False,default
my-apps/home/project-nomad,project-nomad,Deployment,qdrant,1,qdrant,qdrant/qdrant:v1.19,25m,128Mi,,512Mi,,"[""qdrant-data""]",{},False,default
my-apps/home/project-nomad,project-nomad,Deployment,redis,1,redis,ghcr.io/valkey-io/valkey:9.1-alpine,15m,128Mi,,256Mi,,[],{},False,default
my-apps/home/paperless-ngx,paperless-ngx,Deployment,gotenberg,1,gotenberg,gotenberg/gotenberg:8,100m,256Mi,,1Gi,,[],{},False,default
my-apps/home/paperless-ngx,paperless-ngx,Deployment,paperless-ngx,1,paperless-ngx,ghcr.io/paperless-ngx/paperless-ngx:latest@sha256:141dc5d5f15124355523722dc87e141552badd86dccf952d242e63b813906cb6,500m,1Gi,,2Gi,,"[""data"", ""media"", ""paperless-export-pvc"", ""paperless-consume-pvc""]",{},False,default
my-apps/home/paperless-ngx,paperless-ngx,Deployment,paperless-postgres,1,postgres,postgres:18.6,50m,256Mi,,1Gi,"readinessProbe,livenessProbe,startupProbe","[""paperless-postgres-data""]",{},False,default
my-apps/home/paperless-ngx,paperless-ngx,Deployment,paperless-postgres,1,postgres-exporter,quay.io/prometheuscommunity/postgres-exporter:v0.20.1,10m,32Mi,,128Mi,readinessProbe,"[""paperless-postgres-data""]",{},False,default
my-apps/home/paperless-ngx,paperless-ngx,Deployment,tika,1,tika,apache/tika:latest@sha256:a8b442501f601fb15015de974f9afe13dd242b0f14e49a2b144fadcb214a555b,100m,256Mi,,1Gi,,[],{},False,default
my-apps/home/n8n,n8n,Deployment,n8n,1,n8n,n8nio/n8n:latest,100m,256Mi,,1Gi,"readinessProbe,livenessProbe,startupProbe","[""data""]",{},False,n8n
my-apps/home/intercept,intercept,Deployment,intercept,1,intercept,ghcr.io/mitchross/intercept:acarsdec-portable-0f59c326-339f63eb@sha256:fdbe22567f5c5e016952ff0609847f9ce3e3a1dd71ed4ebf2bad51bb6b08f9af,250m,512Mi,,8Gi,"readinessProbe,livenessProbe","[""intercept-data""]","{""feature.node.kubernetes.io/custom-usb.rtl-sdr"": ""true""}",False,default
my-apps/home/intercept,intercept,Deployment,intercept-postgres,1,postgres,docker.io/library/postgres:18.6,50m,256Mi,,2Gi,"readinessProbe,livenessProbe,startupProbe","[""intercept-postgres-data""]",{},False,default
my-apps/home/home-assistant,home-assistant,Deployment,home-assistant,1,home-assistant,ghcr.io/home-assistant/home-assistant:2026.9.0,100m,512Mi,,4Gi,"readinessProbe,livenessProbe","[""config""]","{""feature.node.kubernetes.io/custom-usb.zigbee-coordinator"": ""true""}",False,default
my-apps/home/frigate,frigate,Deployment,frigate,0,frigate,ghcr.io/blakeblackshear/frigate:0.17.2,1000m,2Gi,,12Gi,"readinessProbe,livenessProbe","[""frigate-config"", ""frigate-media""]","{""node.vanillax.dev/class"": ""dell-worker""}",False,default
my-apps/home/frigate,frigate,Deployment,mosquitto,1,mosquitto,eclipse-mosquitto:2.0,,,,,,"[""mosquitto-storage-pvc""]",{},False,default
my-apps/home/consumers-energy-sync,consumers-energy-sync,CronJob,consumers-energy-sync,1,sync,ghcr.io/mitchross/consumers-energy-sync:v0.1.2@sha256:0d6c6d211e98dbd778e27723e2b9192f16aa99cf9367916ad24e53abdfb70ffa,250m,512Mi,,2Gi,,"[""consumers-energy-sync-data""]",{},False,default
my-apps/development/temporal,temporal,Deployment,temporal-postgres,1,postgres,postgres:17.11,500m,512Mi,,2Gi,"readinessProbe,livenessProbe,startupProbe","[""temporal-postgres-data""]",{},False,default
my-apps/development/temporal,temporal,Deployment,temporal-postgres,1,postgres-exporter,quay.io/prometheuscommunity/postgres-exporter:v0.20.1,10m,32Mi,,128Mi,readinessProbe,"[""temporal-postgres-data""]",{},False,default
my-apps/development/temporal,temporal,Deployment,temporal-admintools,1,admin-tools,temporalio/admin-tools:1.31.2,100m,128Mi,,512Mi,livenessProbe,[],{},False,default
my-apps/development/temporal,temporal,Deployment,temporal-frontend,1,temporal-frontend,temporalio/server:1.31.2,500m,512Mi,,2Gi,"readinessProbe,livenessProbe",[],{},False,default
my-apps/development/temporal,temporal,Deployment,temporal-history,1,temporal-history,temporalio/server:1.31.2,500m,512Mi,,2Gi,"readinessProbe,livenessProbe",[],{},False,default
my-apps/development/temporal,temporal,Deployment,temporal-matching,1,temporal-matching,temporalio/server:1.31.2,500m,512Mi,,2Gi,"readinessProbe,livenessProbe",[],{},False,default
my-apps/development/temporal,temporal,Deployment,temporal-web,1,temporal-web,temporalio/ui:2.52.0,100m,128Mi,,512Mi,"readinessProbe,livenessProbe",[],{},False,default
my-apps/development/temporal,temporal,Deployment,temporal-worker,1,temporal-worker,temporalio/server:1.31.2,500m,512Mi,,2Gi,,[],{},False,default
my-apps/development/temporal,temporal,Job,temporal-namespace-seed,1,seed,temporalio/admin-tools:1.31.2,100m,128Mi,,512Mi,,[],{},False,default
my-apps/development/temporal,temporal,Job,temporal-schema-1-6-0-1,1,done,temporalio/admin-tools:1.31.2,250m,256Mi,,1Gi,,[],{},False,default
my-apps/development/renovate,renovate,CronJob,renovate,1,renovate,ghcr.io/renovatebot/renovate:44.61.2,200m,512Mi,,2Gi,,[],{},False,default
my-apps/development/radar-ng,radar-ng,Deployment,basemap,1,basemap,ghcr.io/mitchross/radar-ng-basemap:v1.1.5,50m,128Mi,500m,512Mi,,"[""pmtiles""]",{},False,default
my-apps/development/radar-ng,radar-ng,Deployment,open-meteo,1,open-meteo,ghcr.io/mitchross/radar-ng-open-meteo-worker:v1.1.9@sha256:0387cac5a2c691a67680e7d696b687fb91f135b3b6c7a733e7c3d0c1bab422f9,200m,512Mi,2000m,2Gi,"readinessProbe,livenessProbe,startupProbe","[""openmeteo-data""]",{},False,default
my-apps/development/radar-ng,radar-ng,Deployment,open-meteo,1,sync-worker,ghcr.io/mitchross/radar-ng-open-meteo-worker:v1.1.9@sha256:0387cac5a2c691a67680e7d696b687fb91f135b3b6c7a733e7c3d0c1bab422f9,200m,512Mi,2,4Gi,,"[""openmeteo-data""]",{},False,default
my-apps/development/radar-ng,radar-ng,Deployment,tile-server,1,tile-server,ghcr.io/mitchross/radar-ng-tile-server:v1.1.17,250m,512Mi,1,2Gi,"readinessProbe,livenessProbe","[""tiles"", ""grids"", ""state""]",{},False,default
my-apps/development/radar-ng,radar-ng,Job,basemap-bootstrap,1,extract,ghcr.io/mitchross/basemap-bootstrap:v1.0.1,200m,512Mi,1,2Gi,,"[""pmtiles""]",{},False,default
my-apps/development/posthog,posthog,Deployment,capture,1,capture,ghcr.io/posthog/posthog/capture:master@sha256:89d816e0125632911001189fe3151cbee07a60f7b47997dc208f34978f03a476,100m,128Mi,,512Mi,,[],"{""topology.kubernetes.io/zone"": ""house""}",False,default
my-apps/development/posthog,posthog,Deployment,capture-ai,1,capture-ai,ghcr.io/posthog/posthog/capture:master@sha256:89d816e0125632911001189fe3151cbee07a60f7b47997dc208f34978f03a476,100m,128Mi,,512Mi,,[],"{""topology.kubernetes.io/zone"": ""house""}",False,default
my-apps/development/posthog,posthog,Deployment,clickhouse,1,clickhouse,clickhouse/clickhouse-server:26.6.1.1193@sha256:1d1f6508eba2dccce2cee9913907c5f7766327debc57a6b1991f2c9e3176c163,500m,4Gi,,16Gi,"readinessProbe,livenessProbe","[""clickhouse-data-clickhouse-0""]","{""topology.kubernetes.io/zone"": ""house""}",False,default
my-apps/development/posthog,posthog,Deployment,cyclotron-janitor,0,cyclotron-janitor,ghcr.io/posthog/posthog/cyclotron-janitor:master@sha256:664e6f6dd6247aa94bc9d7f554d81b714fc8406a455bc0a35165a2e56b35ea91,50m,64Mi,,128Mi,,[],"{""topology.kubernetes.io/zone"": ""house""}",False,default
my-apps/development/posthog,posthog,Deployment,cymbal,0,cymbal,ghcr.io/posthog/posthog/cymbal:master@sha256:6e75492b5f37e186dbc95d46ccc86324ea6b7e136732315c0e04496d6832ad43,50m,64Mi,,128Mi,,[],"{""topology.kubernetes.io/zone"": ""house""}",False,default
my-apps/development/posthog,posthog,Deployment,db,1,db,postgres:15.12-alpine@sha256:ef9d1517df69c4d27dbb9ddcec14f431a2442628603f4e9daa429b92ae6c3cd1,250m,512Mi,,4Gi,"readinessProbe,livenessProbe","[""postgres-data""]","{""topology.kubernetes.io/zone"": ""house""}",False,default
my-apps/development/posthog,posthog,Deployment,db,1,postgres-exporter,quay.io/prometheuscommunity/postgres-exporter:v0.20.1@sha256:ac5ec343104fae0e2d84a27bb8d69b38430a11910c5382cad85d478d2bab713e,10m,32Mi,,128Mi,livenessProbe,"[""postgres-data""]","{""topology.kubernetes.io/zone"": ""house""}",False,default
my-apps/development/posthog,posthog,Deployment,feature-flags,1,feature-flags,ghcr.io/posthog/posthog/feature-flags:master@sha256:749dcfd23d7ba8c7125d4a9f3a9014e3744b2f02ad50463f9d04b591eca1bdea,100m,128Mi,,512Mi,livenessProbe,[],"{""topology.kubernetes.io/zone"": ""house""}",False,default
my-apps/development/posthog,posthog,Deployment,hypercache-server,1,hypercache-server,ghcr.io/posthog/posthog/hypercache-server:master@sha256:738db2772f8e322a94e84762dbfe6cc55117a5003c184ddb189e29695c1ea2ee,50m,64Mi,,512Mi,"readinessProbe,livenessProbe",[],"{""topology.kubernetes.io/zone"": ""house""}",False,default
my-apps/development/posthog,posthog,Deployment,ingestion-general,1,ingestion-general,posthog/posthog-node:latest@sha256:863e76e040ad41aef79f605c33ec71f1529bddf94cfd88941c935da9bde97235,200m,512Mi,,2Gi,,[],"{""topology.kubernetes.io/zone"": ""house""}",False,default
my-apps/development/posthog,posthog,Deployment,ingestion-sessionreplay,1,ingestion-sessionreplay,posthog/posthog-node:latest@sha256:863e76e040ad41aef79f605c33ec71f1529bddf94cfd88941c935da9bde97235,200m,512Mi,,2Gi,,[],"{""topology.kubernetes.io/zone"": ""house""}",False,default
my-apps/development/posthog,posthog,Deployment,kafka,1,redpanda,docker.redpanda.com/redpandadata/redpanda:v25.1.9@sha256:8f7e9e4c1422baaa1a5e2a6c6c668cfe05442cb3cb476542c7dff61725e6fe31,500m,2Gi,,4Gi,livenessProbe,"[""redpanda-data-kafka-0""]","{""topology.kubernetes.io/zone"": ""house""}",False,default
my-apps/development/posthog,posthog,Deployment,livestream,0,livestream,ghcr.io/posthog/posthog/livestream:master@sha256:6926f340b72d609e43cee5aa8b75a85cfdc77d182e610dafafdd81d3b2ab53f5,50m,64Mi,,128Mi,,[],"{""topology.kubernetes.io/zone"": ""house""}",False,default
my-apps/development/posthog,posthog,Deployment,plugins,1,plugins,posthog/posthog-node:latest@sha256:863e76e040ad41aef79f605c33ec71f1529bddf94cfd88941c935da9bde97235,200m,512Mi,,2Gi,,[],"{""topology.kubernetes.io/zone"": ""house""}",False,default
my-apps/development/posthog,posthog,Deployment,property-defs-rs,1,property-defs-rs,ghcr.io/posthog/posthog/property-defs-rs:master@sha256:855558b8d0df0a47bad6362d356be147fad4d4e5705b82b771ec8b48a4398000,50m,64Mi,,512Mi,,[],"{""topology.kubernetes.io/zone"": ""house""}",False,default
my-apps/development/posthog,posthog,Deployment,recording-api,1,recording-api,posthog/posthog-node:latest@sha256:863e76e040ad41aef79f605c33ec71f1529bddf94cfd88941c935da9bde97235,100m,256Mi,,1Gi,"readinessProbe,livenessProbe",[],"{""topology.kubernetes.io/zone"": ""house""}",False,default
my-apps/development/posthog,posthog,Deployment,redis7,1,redis7,valkey/valkey:9.1-alpine@sha256:ee91f7a174ac4d6a6b0685b3a60e321f0a9dbbb691f9b0e285be2ba1d1be8328,50m,64Mi,,768Mi,livenessProbe,"[""redis7-data""]","{""topology.kubernetes.io/zone"": ""house""}",False,default
my-apps/development/posthog,posthog,Deployment,replay-capture,1,replay-capture,ghcr.io/posthog/posthog/capture:master@sha256:89d816e0125632911001189fe3151cbee07a60f7b47997dc208f34978f03a476,100m,128Mi,,512Mi,,[],"{""topology.kubernetes.io/zone"": ""house""}",False,default
my-apps/development/posthog,posthog,Deployment,temporal-django-worker,1,temporal-django-worker,posthog/posthog:latest@sha256:18cd79f19ce8972869b845d2a708139d27ec59b6e3f8b9a5cfbd22e8521ccdf3,200m,512Mi,,2Gi,,[],"{""feature.node.kubernetes.io/cpu-cpuid.AVX2"": ""true"", ""topology.kubernetes.io/zone"": ""house""}",False,default
my-apps/development/posthog,posthog,Deployment,toolbox,0,toolbox,posthog/posthog:latest@sha256:18cd79f19ce8972869b845d2a708139d27ec59b6e3f8b9a5cfbd22e8521ccdf3,50m,256Mi,,2Gi,,[],"{""feature.node.kubernetes.io/cpu-cpuid.AVX2"": ""true"", ""topology.kubernetes.io/zone"": ""house""}",False,default
my-apps/development/posthog,posthog,Deployment,web,1,web,posthog/posthog:latest@sha256:18cd79f19ce8972869b845d2a708139d27ec59b6e3f8b9a5cfbd22e8521ccdf3,600m,4Gi,,12Gi,"readinessProbe,livenessProbe,startupProbe",[],"{""feature.node.kubernetes.io/cpu-cpuid.AVX2"": ""true"", ""topology.kubernetes.io/zone"": ""house""}",False,default
my-apps/development/posthog,posthog,Deployment,worker,1,worker,posthog/posthog:latest@sha256:18cd79f19ce8972869b845d2a708139d27ec59b6e3f8b9a5cfbd22e8521ccdf3,250m,4Gi,,20Gi,,[],"{""feature.node.kubernetes.io/cpu-cpuid.AVX2"": ""true"", ""topology.kubernetes.io/zone"": ""house""}",False,default
my-apps/development/posthog,posthog,Job,clickhouse-migrations-init,1,clickhouse-init,clickhouse/clickhouse-server:26.6.1.1193@sha256:1d1f6508eba2dccce2cee9913907c5f7766327debc57a6b1991f2c9e3176c163,,,,,,[],"{""topology.kubernetes.io/zone"": ""house""}",False,default
my-apps/development/posthog,posthog,Job,kafka-init,1,kafka-init,docker.redpanda.com/redpandadata/redpanda:v25.1.9@sha256:8f7e9e4c1422baaa1a5e2a6c6c668cfe05442cb3cb476542c7dff61725e6fe31,,,,,,[],"{""topology.kubernetes.io/zone"": ""house""}",False,default
my-apps/development/posthog,posthog,Job,posthog-migrate,1,migrate,posthog/posthog:latest@sha256:18cd79f19ce8972869b845d2a708139d27ec59b6e3f8b9a5cfbd22e8521ccdf3,500m,2Gi,,4Gi,,[],"{""feature.node.kubernetes.io/cpu-cpuid.AVX2"": ""true"", ""topology.kubernetes.io/zone"": ""house""}",False,default
my-apps/development/posthog,posthog,Job,posthog-remote-config-sync,1,remote-config-sync,posthog/posthog:latest@sha256:18cd79f19ce8972869b845d2a708139d27ec59b6e3f8b9a5cfbd22e8521ccdf3,250m,1Gi,,2Gi,,[],"{""feature.node.kubernetes.io/cpu-cpuid.AVX2"": ""true"", ""topology.kubernetes.io/zone"": ""house""}",False,default
my-apps/development/nginx,nginx-example,Deployment,nginx-example,2,nginx,nginx:1.31-alpine,,,,,,[],{},False,default
my-apps/development/news-reader,news-reader,Deployment,news-reader,1,news-reader,registry.vanillax.me/news-reader:v0.2.13,50m,128Mi,,384Mi,"readinessProbe,livenessProbe,startupProbe",[],{},False,default
my-apps/development/mailpit,mailpit,Deployment,mailpit,1,mailpit,ghcr.io/axllent/mailpit:latest@sha256:29154cb86d35bcff4c0f82f185fc6720e89248b2cd2bc43f312a2b31fddd34ad,50m,64Mi,,128Mi,,[],{},False,default
my-apps/development/headlamp,kube-system,Deployment,headlamp,1,headlamp,ghcr.io/headlamp-k8s/headlamp:v0.45.0,50m,64Mi,,128Mi,"readinessProbe,livenessProbe",[],{},False,headlamp-admin
my-apps/development/gitea,gitea,Deployment,gitea,1,gitea,docker.gitea.com/gitea:1.27.0-rootless,,,,,"readinessProbe,livenessProbe","[""gitea-shared-storage""]",{},False,default
my-apps/development/gitea,gitea,Deployment,gitea-postgres,1,postgres,postgres:18.6,50m,256Mi,,1Gi,"readinessProbe,livenessProbe,startupProbe","[""gitea-postgres-data""]",{},False,default
my-apps/development/gitea,gitea,Deployment,gitea-postgres,1,postgres-exporter,quay.io/prometheuscommunity/postgres-exporter:v0.20.1,10m,32Mi,,128Mi,readinessProbe,"[""gitea-postgres-data""]",{},False,default
my-apps/development/gitea,gitea,StatefulSet,gitea-valkey-primary,1,valkey,docker.io/bitnamilegacy/valkey:8.1.3-debian-12-r3,100m,128Mi,150m,192Mi,"readinessProbe,livenessProbe",[],{},False,gitea-valkey-primary
my-apps/development/gitea-actions,gitea-actions,Deployment,act-runner,1,runner,docker.io/gitea/act_runner:0.6.1,200m,512Mi,,1Gi,,"[""act-runner-docker-cache""]",{},False,default
my-apps/development/gitea-actions,gitea-actions,Deployment,act-runner,1,dind,docker:29-dind,1000m,2Gi,,6Gi,"livenessProbe,startupProbe","[""act-runner-docker-cache""]",{},False,default
my-apps/development/gitea-actions,gitea-actions,Deployment,act-runner,1,prune,docker:29-cli,10m,32Mi,,128Mi,,"[""act-runner-docker-cache""]",{},False,default
my-apps/ai/vllm,vllm,Deployment,vllm-server,0,vllm-server,vllm/vllm-openai:v0.28.0@sha256:61fc8a896b0a4fbbbdc063bc4b0dbc25ce98e02b5050c24aeb7830ac02039b14,1,8Gi,,64Gi,"readinessProbe,livenessProbe,startupProbe","[""ai-model-cache-vllm"", ""vllm-compile-cache""]","{""feature.node.kubernetes.io/pci-0300_10de.present"": ""true"", ""gpu-worker"": ""true""}",False,default
my-apps/ai/vllm,vllm,Job,vllm-cache-sync,1,sync,alpine:3.24@sha256:28bd5fe8b56d1bd048e5babf5b10710ebe0bae67db86916198a6eec434943f8b,500m,64Mi,,2Gi,,"[""vllm-models-pvc"", ""ai-model-cache-vllm""]","{""gpu-worker"": ""true""}",False,default
my-apps/ai/swarmui,swarmui,Deployment,swarmui,0,swarmui,jasonacox/swarmui:0.9.7@sha256:4ca43a2c9c98217e699577c92019bae7aa48ae9049f5e84b6c182c13abae2530,2,8Gi,,80Gi,"readinessProbe,livenessProbe,startupProbe","[""swarmui-data"", ""swarmui-dlbackend"", ""swarmui-output"", ""swarmui-comfyui-models""]","{""feature.node.kubernetes.io/pci-0300_10de.present"": ""true"", ""gpu-worker"": ""true""}",False,default
my-apps/ai/surfsense,surfsense,Deployment,surfsense,1,api,ghcr.io/modsetter/surfsense-backend:0.0.39,500m,1Gi,,6Gi,"readinessProbe,livenessProbe","[""surfsense-object-store""]",{},False,default
my-apps/ai/surfsense,surfsense,Deployment,surfsense,1,worker,ghcr.io/modsetter/surfsense-backend:0.0.39,500m,1Gi,,8Gi,,"[""surfsense-object-store""]",{},False,default
my-apps/ai/surfsense,surfsense,Deployment,surfsense-beat,1,beat,ghcr.io/modsetter/surfsense-backend:0.0.39,50m,128Mi,,2Gi,,[],{},False,default
my-apps/ai/surfsense,surfsense,Deployment,surfsense-frontend,1,frontend,ghcr.io/modsetter/surfsense-web:0.0.39,100m,256Mi,,1Gi,,[],{},False,default
my-apps/ai/surfsense,surfsense,Deployment,surfsense-postgres,1,postgres,pgvector/pgvector:pg17,100m,256Mi,,2Gi,"readinessProbe,livenessProbe,startupProbe","[""surfsense-postgres-data""]",{},False,default
my-apps/ai/surfsense,surfsense,Deployment,surfsense-redis,1,redis,redis:8-alpine,50m,64Mi,,512Mi,readinessProbe,"[""surfsense-redis-data""]",{},False,default
my-apps/ai/surfsense,surfsense,Deployment,surfsense-zero,1,zero,rocicorp/zero:1.9.0,100m,256Mi,,2Gi,readinessProbe,[],{},False,default
my-apps/ai/surfsense,surfsense,Job,surfsense-credit-policy-v1,1,reconcile-credit-policy,pgvector/pgvector:pg17,10m,32Mi,,128Mi,,[],{},False,default
my-apps/ai/surfsense,surfsense,Job,surfsense-migrations,1,migrations,ghcr.io/modsetter/surfsense-backend:0.0.39,100m,256Mi,,1Gi,,[],{},False,default
my-apps/ai/presenton,presenton,Deployment,presenton,1,presenton,ghcr.io/presenton/presenton:v0.9.9-beta@sha256:e1640d671e6c321021cf4096f5deb5e1c5da26b6a6881499911b531842b0d8b0,500m,1000Mi,,4000Mi,,"[""presenton-data""]",{},False,default
my-apps/ai/perplexica,perplexica,Deployment,perplexica,1,perplexica,itzcrazykns1337/vane:slim-v1.12.2@sha256:d2878cf9c91962aa3fc053b59bc9b89adcbdcaeb7ee36b54906e853464b2c190,500m,1Gi,,4Gi,"readinessProbe,livenessProbe","[""perplexica-data""]",{},False,default
my-apps/ai/open-webui,open-webui,Deployment,mcpo-kiwix,1,mcpo-kiwix,ghcr.io/open-webui/mcpo:main@sha256:1e82c9555c19e50b80745705f32b47a2647589f35279527b5118ecd3a71bd467,100m,256Mi,,1Gi,"readinessProbe,livenessProbe",[],{},False,default
my-apps/ai/open-webui,open-webui,Deployment,mcpo-multi,1,mcpo-multi,ghcr.io/open-webui/mcpo:main@sha256:1e82c9555c19e50b80745705f32b47a2647589f35279527b5118ecd3a71bd467,200m,256Mi,,1Gi,"readinessProbe,livenessProbe",[],{},False,default
my-apps/ai/open-webui,open-webui,Deployment,open-webui,1,open-webui,ghcr.io/open-webui/open-webui:main@sha256:8afd2d774834c618a75411b3491cdc5da7396dc464f56a160b937ff2992eb6e4,500m,1000Mi,,8000Mi,,"[""storage""]",{},False,default
my-apps/ai/open-webui,open-webui,Job,load-functions-v8,1,loader,ghcr.io/open-webui/open-webui:main@sha256:8afd2d774834c618a75411b3491cdc5da7396dc464f56a160b937ff2992eb6e4,,,,,,"[""storage""]",{},False,default
my-apps/ai/ninfer,ninfer,Deployment,ninfer-server,0,ninfer-server,ghcr.io/mitchross/ninfer-3090:v0.6.0-rtx3090,2,8Gi,,32Gi,"readinessProbe,livenessProbe,startupProbe","[""ninfer-models-pvc""]","{""feature.node.kubernetes.io/pci-0300_10de.present"": ""true"", ""gpu-worker"": ""true""}",False,default
my-apps/ai/ninfer,ninfer,Job,ninfer-download-qwen38,1,download,alpine:3.24@sha256:28bd5fe8b56d1bd048e5babf5b10710ebe0bae67db86916198a6eec434943f8b,100m,256Mi,,4Gi,,"[""ninfer-models-pvc""]",{},False,default
my-apps/ai/llama-cpp,llama-cpp,Deployment,llama-cpp-server,1,llama-cpp-server,ghcr.io/ggml-org/llama.cpp:server-cuda-b10752@sha256:dde47811ea25c3a30233edba1bb898e7e7246ab653f94a3972b8497c4a349b4b,4,16Gi,,48Gi,"readinessProbe,livenessProbe,startupProbe","[""ai-model-cache""]","{""feature.node.kubernetes.io/pci-0300_10de.present"": ""true"", ""gpu-worker"": ""true""}",False,default
my-apps/ai/llama-cpp,llama-cpp,Job,llama-cpp-cache-sync,1,sync,alpine:3.24@sha256:28bd5fe8b56d1bd048e5babf5b10710ebe0bae67db86916198a6eec434943f8b,500m,64Mi,4,2Gi,,"[""llama-cpp-models-pvc"", ""ai-model-cache""]","{""gpu-worker"": ""true""}",False,default
my-apps/ai/llama-cpp,llama-cpp,Job,llama-cpp-download-qwen38-27b,1,download,alpine:3.24@sha256:28bd5fe8b56d1bd048e5babf5b10710ebe0bae67db86916198a6eec434943f8b,250m,1Gi,4,4Gi,,"[""llama-cpp-models-pvc""]",{},False,default
my-apps/ai/litellm,litellm,Deployment,litellm,1,litellm,ghcr.io/berriai/litellm:v1.99.1,100m,512Mi,,1536Mi,"readinessProbe,livenessProbe",[],{},False,default
my-apps/ai/hindsight,hindsight,Deployment,hindsight,1,hindsight,ghcr.io/vectorize-io/hindsight:0.9.2,200m,1Gi,,3Gi,"readinessProbe,livenessProbe,startupProbe",[],{},False,default
my-apps/ai/hindsight,hindsight,Deployment,hindsight-db,1,postgres,pgvector/pgvector:pg16,50m,256Mi,,1Gi,"readinessProbe,livenessProbe","[""hindsight-db-pvc""]",{},False,default
my-apps/ai/comfyui,comfyui,Deployment,comfyui,0,comfyui,yanwk/comfyui-boot:cu130-megapak-pt211-20260413@sha256:2ce375d97094e7dc211ca0849eff0ae82934c6850bf027ea392c2a4f2899b793,2,8Gi,,80Gi,"readinessProbe,livenessProbe","[""comfyui-storage-smb""]","{""feature.node.kubernetes.io/pci-0300_10de.present"": ""true"", ""gpu-worker"": ""true""}",False,default
my-apps/ai/comfyui,comfyui,Job,comfyui-download-models,1,downloader,python:3.14-slim,1,2Gi,,4Gi,,"[""comfyui-storage-smb""]",{},False,default
